region_code,region_name,year,population
ES111,A Coruña,1990,1100923
ES111,A Coruña,1991,1097943
ES111,A Coruña,1992,1098032
ES111,A Coruña,1993,1098871
ES111,A Coruña,1994,1099499
ES111,A Coruña,1995,1099299
ES111,A Coruña,1996,1098598
ES111,A Coruña,1997,1097600
ES111,A Coruña,1998,1097304
ES111,A Coruña,1999,1097014
ES111,A Coruña,2000,1096111
ES111,A Coruña,2001,1095881
ES111,A Coruña,2002,1096076
ES111,A Coruña,2003,1100951
ES111,A Coruña,2004,1104703
ES111,A Coruña,2005,1109964
ES111,A Coruña,2006,1115415
ES111,A Coruña,2007,1121341
ES111,A Coruña,2008,1128598
ES111,A Coruña,2009,1135281
ES111,A Coruña,2010,1138110
ES111,A Coruña,2011,1140071
ES111,A Coruña,2012,1141178
ES111,A Coruña,2013,1137890
ES111,A Coruña,2014,1132596
ES111,A Coruña,2015,1127596
ES111,A Coruña,2016,1123015
ES111,A Coruña,2017,1120302
ES111,A Coruña,2018,1120074
ES111,A Coruña,2019,1120432
ES111,A Coruña,2020,1121994
ES111,A Coruña,2021,1120501
ES111,A Coruña,2022,1119166
ES111,A Coruña,2023,1123884
ES111,A Coruña,2024,1128449
ES112,Lugo,1990,388367
ES112,Lugo,1991,385194
ES112,Lugo,1992,382791
ES112,Lugo,1993,380684
ES112,Lugo,1994,378744
ES112,Lugo,1995,376501
ES112,Lugo,1996,373816
ES112,Lugo,1997,370966
ES112,Lugo,1998,368221
ES112,Lugo,1999,365543
ES112,Lugo,2000,362565
ES112,Lugo,2001,359818
ES112,Lugo,2002,357301
ES112,Lugo,2003,355698
ES112,Lugo,2004,354343
ES112,Lugo,2005,353357
ES112,Lugo,2006,352620
ES112,Lugo,2007,352245
ES112,Lugo,2008,352638
ES112,Lugo,2009,352326
ES112,Lugo,2010,351000
ES112,Lugo,2011,349523
ES112,Lugo,2012,347630
ES112,Lugo,2013,344603
ES112,Lugo,2014,341495
ES112,Lugo,2015,338430
ES112,Lugo,2016,335752
ES112,Lugo,2017,333152
ES112,Lugo,2018,331128
ES112,Lugo,2019,329070
ES112,Lugo,2020,327573
ES112,Lugo,2021,326068
ES112,Lugo,2022,324240
ES112,Lugo,2023,324267
ES112,Lugo,2024,325048
ES113,Ourense,1990,363645
ES113,Ourense,1991,355065
ES113,Ourense,1992,352832
ES113,Ourense,1993,351817
ES113,Ourense,1994,350804
ES113,Ourense,1995,349605
ES113,Ourense,1996,348107
ES113,Ourense,1997,346490
ES113,Ourense,1998,344868
ES113,Ourense,1999,343136
ES113,Ourense,2000,341375
ES113,Ourense,2001,339681
ES113,Ourense,2002,338161
ES113,Ourense,2003,337307
ES113,Ourense,2004,336021
ES113,Ourense,2005,335066
ES113,Ourense,2006,334131
ES113,Ourense,2007,333543
ES113,Ourense,2008,332807
ES113,Ourense,2009,332164
ES113,Ourense,2010,331648
ES113,Ourense,2011,330017
ES113,Ourense,2012,328184
ES113,Ourense,2013,325140
ES113,Ourense,2014,321472
ES113,Ourense,2015,318288
ES113,Ourense,2016,314476
ES113,Ourense,2017,311385
ES113,Ourense,2018,309290
ES113,Ourense,2019,307764
ES113,Ourense,2020,306825
ES113,Ourense,2021,305297
ES113,Ourense,2022,304225
ES113,Ourense,2023,304563
ES113,Ourense,2024,304467
ES114,Pontevedra,1990,898448
ES114,Pontevedra,1991,897356
ES114,Pontevedra,1992,898220
ES114,Pontevedra,1993,899877
ES114,Pontevedra,1994,901070
ES114,Pontevedra,1995,901708
ES114,Pontevedra,1996,901834
ES114,Pontevedra,1997,901947
ES114,Pontevedra,1998,902051
ES114,Pontevedra,1999,902208
ES114,Pontevedra,2000,902420
ES114,Pontevedra,2001,902645
ES114,Pontevedra,2002,905271
ES114,Pontevedra,2003,911203
ES114,Pontevedra,2004,916519
ES114,Pontevedra,2005,922302
ES114,Pontevedra,2006,927941
ES114,Pontevedra,2007,933945
ES114,Pontevedra,2008,940723
ES114,Pontevedra,2009,947698
ES114,Pontevedra,2010,951708
ES114,Pontevedra,2011,953800
ES114,Pontevedra,2012,954924
ES114,Pontevedra,2013,953087
ES114,Pontevedra,2014,950254
ES114,Pontevedra,2015,948487
ES114,Pontevedra,2016,945852
ES114,Pontevedra,2017,944116
ES114,Pontevedra,2018,942556
ES114,Pontevedra,2019,942944
ES114,Pontevedra,2020,946213
ES114,Pontevedra,2021,946311
ES114,Pontevedra,2022,945198
ES114,Pontevedra,2023,946710
ES114,Pontevedra,2024,947869
ES120,Asturias,1990,1102849
ES120,Asturias,1991,1095557
ES120,Asturias,1992,1092874
ES120,Asturias,1993,1091116
ES120,Asturias,1994,1088497
ES120,Asturias,1995,1086001
ES120,Asturias,1996,1082714
ES120,Asturias,1997,1079198
ES120,Asturias,1998,1076012
ES120,Asturias,1999,1072219
ES120,Asturias,2000,1068287
ES120,Asturias,2001,1064851
ES120,Asturias,2002,1062786
ES120,Asturias,2003,1062326
ES120,Asturias,2004,1062412
ES120,Asturias,2005,1062753
ES120,Asturias,2006,1063488
ES120,Asturias,2007,1065287
ES120,Asturias,2008,1071079
ES120,Asturias,2009,1076276
ES120,Asturias,2010,1077102
ES120,Asturias,2011,1075869
ES120,Asturias,2012,1074308
ES120,Asturias,2013,1067425
ES120,Asturias,2014,1058560
ES120,Asturias,2015,1049328
ES120,Asturias,2016,1040407
ES120,Asturias,2017,1033550
ES120,Asturias,2018,1027091
ES120,Asturias,2019,1021469
ES120,Asturias,2020,1018053
ES120,Asturias,2021,1012117
ES120,Asturias,2022,1004960
ES120,Asturias,2023,1006060
ES120,Asturias,2024,1009599
ES130,Cantabria,1990,527688
ES130,Cantabria,1991,527567
ES130,Cantabria,1992,528528
ES130,Cantabria,1993,529686
ES130,Cantabria,1994,530550
ES130,Cantabria,1995,531185
ES130,Cantabria,1996,531601
ES130,Cantabria,1997,531994
ES130,Cantabria,1998,532564
ES130,Cantabria,1999,532996
ES130,Cantabria,2000,533417
ES130,Cantabria,2001,534231
ES130,Cantabria,2002,536286
ES130,Cantabria,2003,541651
ES130,Cantabria,2004,548014
ES130,Cantabria,2005,554688
ES130,Cantabria,2006,561042
ES130,Cantabria,2007,568196
ES130,Cantabria,2008,577267
ES130,Cantabria,2009,584657
ES130,Cantabria,2010,588512
ES130,Cantabria,2011,590867
ES130,Cantabria,2012,592383
ES130,Cantabria,2013,589789
ES130,Cantabria,2014,587491
ES130,Cantabria,2015,585184
ES130,Cantabria,2016,582494
ES130,Cantabria,2017,581421
ES130,Cantabria,2018,581533
ES130,Cantabria,2019,581989
ES130,Cantabria,2020,583011
ES130,Cantabria,2021,584708
ES130,Cantabria,2022,585451
ES130,Cantabria,2023,588387
ES130,Cantabria,2024,590851
ES211,Araba/Álava,1990,272041
ES211,Araba/Álava,1991,272499
ES211,Araba/Álava,1992,273726
ES211,Araba/Álava,1993,275212
ES211,Araba/Álava,1994,276638
ES211,Araba/Álava,1995,277795
ES211,Araba/Álava,1996,278897
ES211,Araba/Álava,1997,280128
ES211,Araba/Álava,1998,281403
ES211,Araba/Álava,1999,282637
ES211,Araba/Álava,2000,283795
ES211,Araba/Álava,2001,285198
ES211,Araba/Álava,2002,286646
ES211,Araba/Álava,2003,290747
ES211,Araba/Álava,2004,294301
ES211,Araba/Álava,2005,298832
ES211,Araba/Álava,2006,302491
ES211,Araba/Álava,2007,306482
ES211,Araba/Álava,2008,310940
ES211,Araba/Álava,2009,315284
ES211,Araba/Álava,2010,317733
ES211,Araba/Álava,2011,319847
ES211,Araba/Álava,2012,320564
ES211,Araba/Álava,2013,320199
ES211,Araba/Álava,2014,320451
ES211,Araba/Álava,2015,321541
ES211,Araba/Álava,2016,322974
ES211,Araba/Álava,2017,325250
ES211,Araba/Álava,2018,327763
ES211,Araba/Álava,2019,330104
ES211,Araba/Álava,2020,332874
ES211,Araba/Álava,2021,333485
ES211,Araba/Álava,2022,333909
ES211,Araba/Álava,2023,336308
ES211,Araba/Álava,2024,338594
ES212,Gipuzkoa,1990,680881
ES212,Gipuzkoa,1991,677245
ES212,Gipuzkoa,1992,676263
ES212,Gipuzkoa,1993,676075
ES212,Gipuzkoa,1994,675783
ES212,Gipuzkoa,1995,675295
ES212,Gipuzkoa,1996,674868
ES212,Gipuzkoa,1997,674324
ES212,Gipuzkoa,1998,674135
ES212,Gipuzkoa,1999,673606
ES212,Gipuzkoa,2000,673296
ES212,Gipuzkoa,2001,673328
ES212,Gipuzkoa,2002,673592
ES212,Gipuzkoa,2003,676777
ES212,Gipuzkoa,2004,680750
ES212,Gipuzkoa,2005,684264
ES212,Gipuzkoa,2006,688423
ES212,Gipuzkoa,2007,693436
ES212,Gipuzkoa,2008,699395
ES212,Gipuzkoa,2009,704166
ES212,Gipuzkoa,2010,705974
ES212,Gipuzkoa,2011,707256
ES212,Gipuzkoa,2012,708422
ES212,Gipuzkoa,2013,709043
ES212,Gipuzkoa,2014,708675
ES212,Gipuzkoa,2015,709766
ES212,Gipuzkoa,2016,711261
ES212,Gipuzkoa,2017,713130
ES212,Gipuzkoa,2018,715749
ES212,Gipuzkoa,2019,719613
ES212,Gipuzkoa,2020,724347
ES212,Gipuzkoa,2021,725508
ES212,Gipuzkoa,2022,723241
ES212,Gipuzkoa,2023,726712
ES212,Gipuzkoa,2024,729722
ES213,Bizkaia,1990,1163966
ES213,Bizkaia,1991,1156661
ES213,Bizkaia,1992,1153329
ES213,Bizkaia,1993,1150915
ES213,Bizkaia,1994,1147961
ES213,Bizkaia,1995,1144857
ES213,Bizkaia,1996,1141092
ES213,Bizkaia,1997,1137442
ES213,Bizkaia,1998,1134219
ES213,Bizkaia,1999,1130621
ES213,Bizkaia,2000,1127444
ES213,Bizkaia,2001,1124445
ES213,Bizkaia,2002,1122658
ES213,Bizkaia,2003,1125120
ES213,Bizkaia,2004,1128052
ES213,Bizkaia,2005,1132164
ES213,Bizkaia,2006,1136775
ES213,Bizkaia,2007,1142684
ES213,Bizkaia,2008,1149080
ES213,Bizkaia,2009,1154627
ES213,Bizkaia,2010,1155814
ES213,Bizkaia,2011,1156033
ES213,Bizkaia,2012,1155710
ES213,Bizkaia,2013,1150032
ES213,Bizkaia,2014,1143121
ES213,Bizkaia,2015,1141400
ES213,Bizkaia,2016,1140191
ES213,Bizkaia,2017,1141564
ES213,Bizkaia,2018,1143742
ES213,Bizkaia,2019,1147589
ES213,Bizkaia,2020,1154696
ES213,Bizkaia,2021,1153635
ES213,Bizkaia,2022,1148678
ES213,Bizkaia,2023,1153282
ES213,Bizkaia,2024,1159368
ES220,Navarra,1990,519631
ES220,Navarra,1991,519500
ES220,Navarra,1992,522071
ES220,Navarra,1993,525349
ES220,Navarra,1994,528520
ES220,Navarra,1995,531732
ES220,Navarra,1996,534844
ES220,Navarra,1997,538100
ES220,Navarra,1998,541557
ES220,Navarra,1999,544948
ES220,Navarra,2000,548379
ES220,Navarra,2001,552060
ES220,Navarra,2002,557456
ES220,Navarra,2003,567892
ES220,Navarra,2004,576346
ES220,Navarra,2005,584365
ES220,Navarra,2006,592137
ES220,Navarra,2007,602835
ES220,Navarra,2008,616710
ES220,Navarra,2009,627286
ES220,Navarra,2010,633023
ES220,Navarra,2011,637100
ES220,Navarra,2012,640014
ES220,Navarra,2013,639089
ES220,Navarra,2014,637099
ES220,Navarra,2015,637317
ES220,Navarra,2016,638922
ES220,Navarra,2017,642075
ES220,Navarra,2018,646340
ES220,Navarra,2019,652797
ES220,Navarra,2020,659907
ES220,Navarra,2021,662032
ES220,Navarra,2022,664514
ES220,Navarra,2023,672155
ES220,Navarra,2024,678333
ES230,La Rioja,1990,263021
ES230,La Rioja,1991,263376
ES230,La Rioja,1992,264477
ES230,La Rioja,1993,265665
ES230,La Rioja,1994,266807
ES230,La Rioja,1995,268055
ES230,La Rioja,1996,269078
ES230,La Rioja,1997,270184
ES230,La Rioja,1998,271423
ES230,La Rioja,1999,272665
ES230,La Rioja,2000,273828
ES230,La Rioja,2001,275313
ES230,La Rioja,2002,277989
ES230,La Rioja,2003,284607
ES230,La Rioja,2004,291082
ES230,La Rioja,2005,298045
ES230,La Rioja,2006,302703
ES230,La Rioja,2007,308117
ES230,La Rioja,2008,316197
ES230,La Rioja,2009,319788
ES230,La Rioja,2010,319934
ES230,La Rioja,2011,320858
ES230,La Rioja,2012,320951
ES230,La Rioja,2013,318819
ES230,La Rioja,2014,315736
ES230,La Rioja,2015,314457
ES230,La Rioja,2016,314025
ES230,La Rioja,2017,314136
ES230,La Rioja,2018,314890
ES230,La Rioja,2019,315967
ES230,La Rioja,2020,318703
ES230,La Rioja,2021,319444
ES230,La Rioja,2022,319617
ES230,La Rioja,2023,322282
ES230,La Rioja,2024,324184
ES241,Huesca,1990,209082
ES241,Huesca,1991,208060
ES241,Huesca,1992,207926
ES241,Huesca,1993,208176
ES241,Huesca,1994,208097
ES241,Huesca,1995,208034
ES241,Huesca,1996,207809
ES241,Huesca,1997,207472
ES241,Huesca,1998,207220
ES241,Huesca,1999,206937
ES241,Huesca,2000,206587
ES241,Huesca,2001,206479
ES241,Huesca,2002,206700
ES241,Huesca,2003,209450
ES241,Huesca,2004,211734
ES241,Huesca,2005,214544
ES241,Huesca,2006,217243
ES241,Huesca,2007,220095
ES241,Huesca,2008,224405
ES241,Huesca,2009,226772
ES241,Huesca,2010,226785
ES241,Huesca,2011,226597
ES241,Huesca,2012,225833
ES241,Huesca,2013,224776
ES241,Huesca,2014,223702
ES241,Huesca,2015,222677
ES241,Huesca,2016,221495
ES241,Huesca,2017,220749
ES241,Huesca,2018,220653
ES241,Huesca,2019,220996
ES241,Huesca,2020,222767
ES241,Huesca,2021,223995
ES241,Huesca,2022,225199
ES241,Huesca,2023,226878
ES241,Huesca,2024,228519
ES242,Teruel,1990,145071
ES242,Teruel,1991,143963
ES242,Teruel,1992,143178
ES242,Teruel,1993,142617
ES242,Teruel,1994,141975
ES242,Teruel,1995,141317
ES242,Teruel,1996,140505
ES242,Teruel,1997,139756
ES242,Teruel,1998,138906
ES242,Teruel,1999,138016
ES242,Teruel,2000,137086
ES242,Teruel,2001,136400
ES242,Teruel,2002,135724
ES242,Teruel,2003,137493
ES242,Teruel,2004,138386
ES242,Teruel,2005,139828
ES242,Teruel,2006,141279
ES242,Teruel,2007,143616
ES242,Teruel,2008,145702
ES242,Teruel,2009,146137
ES242,Teruel,2010,145109
ES242,Teruel,2011,144355
ES242,Teruel,2012,142920
ES242,Teruel,2013,141092
ES242,Teruel,2014,139470
ES242,Teruel,2015,137871
ES242,Teruel,2016,136377
ES242,Teruel,2017,135324
ES242,Teruel,2018,134449
ES242,Teruel,2019,134025
ES242,Teruel,2020,134085
ES242,Teruel,2021,134259
ES242,Teruel,2022,134132
ES242,Teruel,2023,135046
ES242,Teruel,2024,135309
ES243,Zaragoza,1990,839141
ES243,Zaragoza,1991,837748
ES243,Zaragoza,1992,839426
ES243,Zaragoza,1993,842352
ES243,Zaragoza,1994,844561
ES243,Zaragoza,1995,846910
ES243,Zaragoza,1996,848946
ES243,Zaragoza,1997,851017
ES243,Zaragoza,1998,853046
ES243,Zaragoza,1999,854746
ES243,Zaragoza,2000,856527
ES243,Zaragoza,2001,859136
ES243,Zaragoza,2002,867473
ES243,Zaragoza,2003,878629
ES243,Zaragoza,2004,887654
ES243,Zaragoza,2005,900705
ES243,Zaragoza,2006,915041
ES243,Zaragoza,2007,930532
ES243,Zaragoza,2008,955319
ES243,Zaragoza,2009,969879
ES243,Zaragoza,2010,972287
ES243,Zaragoza,2011,973433
ES243,Zaragoza,2012,975054
ES243,Zaragoza,2013,971807
ES243,Zaragoza,2014,967541
ES243,Zaragoza,2015,965052
ES243,Zaragoza,2016,960170
ES243,Zaragoza,2017,959338
ES243,Zaragoza,2018,958391
ES243,Zaragoza,2019,965673
ES243,Zaragoza,2020,973740
ES243,Zaragoza,2021,973684
ES243,Zaragoza,2022,968886
ES243,Zaragoza,2023,979365
ES243,Zaragoza,2024,987763
ES300,Madrid,1990,4937156
ES300,Madrid,1991,4947735
ES300,Madrid,1992,4984663
ES300,Madrid,1993,5030383
ES300,Madrid,1994,5074384
ES300,Madrid,1995,5116658
ES300,Madrid,1996,5157603
ES300,Madrid,1997,5198753
ES300,Madrid,1998,5242444
ES300,Madrid,1999,5284618
ES300,Madrid,2000,5329606
ES300,Madrid,2001,5379087
ES300,Madrid,2002,5478611
ES300,Madrid,2003,5638804
ES300,Madrid,2004,5766554
ES300,Madrid,2005,5866219
ES300,Madrid,2006,5953546
ES300,Madrid,2007,6075013
ES300,Madrid,2008,6226185
ES300,Madrid,2009,6327559
ES300,Madrid,2010,6373546
ES300,Madrid,2011,6394252
ES300,Madrid,2012,6425522
ES300,Madrid,2013,6411525
ES300,Madrid,2014,6372553
ES300,Madrid,2015,6375737
ES300,Madrid,2016,6411466
ES300,Madrid,2017,6459297
ES300,Madrid,2018,6529923
ES300,Madrid,2019,6618078
ES300,Madrid,2020,6720310
ES300,Madrid,2021,6726640
ES300,Madrid,2022,6743273
ES300,Madrid,2023,6871903
ES300,Madrid,2024,7009268
ES411,Ávila,1990,176093
ES411,Ávila,1991,174732
ES411,Ávila,1992,173776
ES411,Ávila,1993,172921
ES411,Ávila,1994,172131
ES411,Ávila,1995,171183
ES411,Ávila,1996,170224
ES411,Ávila,1997,169195
ES411,Ávila,1998,168108
ES411,Ávila,1999,166790
ES411,Ávila,2000,165615
ES411,Ávila,2001,164465
ES411,Ávila,2002,163191
ES411,Ávila,2003,163545
ES411,Ávila,2004,164656
ES411,Ávila,2005,166158
ES411,Ávila,2006,167953
ES411,Ávila,2007,170208
ES411,Ávila,2008,173293
ES411,Ávila,2009,173817
ES411,Ávila,2010,173371
ES411,Ávila,2011,172776
ES411,Ávila,2012,171365
ES411,Ávila,2013,169373
ES411,Ávila,2014,167265
ES411,Ávila,2015,165694
ES411,Ávila,2016,163669
ES411,Ávila,2017,161782
ES411,Ávila,2018,160104
ES411,Ávila,2019,159237
ES411,Ávila,2020,158819
ES411,Ávila,2021,158898
ES411,Ávila,2022,159103
ES411,Ávila,2023,159764
ES411,Ávila,2024,160463
ES412,Burgos,1990,355311
ES412,Burgos,1991,353243
ES412,Burgos,1992,352680
ES412,Burgos,1993,352605
ES412,Burgos,1994,352377
ES412,Burgos,1995,352065
ES412,Burgos,1996,351479
ES412,Burgos,1997,350988
ES412,Burgos,1998,350549
ES412,Burgos,1999,349933
ES412,Burgos,2000,349386
ES412,Burgos,2001,349104
ES412,Burgos,2002,349279
ES412,Burgos,2003,352082
ES412,Burgos,2004,354226
ES412,Burgos,2005,357693
ES412,Burgos,2006,360700
ES412,Burgos,2007,365307
ES412,Burgos,2008,372563
ES412,Burgos,2009,374813
ES412,Burgos,2010,374009
ES412,Burgos,2011,373245
ES412,Burgos,2012,372192
ES412,Burgos,2013,368784
ES412,Burgos,2014,365542
ES412,Burgos,2015,363328
ES412,Burgos,2016,360572
ES412,Burgos,2017,358416
ES412,Burgos,2018,357165
ES412,Burgos,2019,356607
ES412,Burgos,2020,357121
ES412,Burgos,2021,356042
ES412,Burgos,2022,354846
ES412,Burgos,2023,357370
ES412,Burgos,2024,359740
ES413,León,1990,527374
ES413,León,1991,526204
ES413,León,1992,523702
ES413,León,1993,520815
ES413,León,1994,517603
ES413,León,1995,514191
ES413,León,1996,510673
ES413,León,1997,507024
ES413,León,1998,503601
ES413,León,1999,499736
ES413,León,2000,495743
ES413,León,2001,491873
ES413,León,2002,487510
ES413,León,2003,487393
ES413,León,2004,487072
ES413,León,2005,487438
ES413,León,2006,488534
ES413,León,2007,491131
ES413,León,2008,493934
ES413,León,2009,495042
ES413,León,2010,494830
ES413,León,2011,494216
ES413,León,2012,492827
ES413,León,2013,488756
ES413,León,2014,483681
ES413,León,2015,479104
ES413,León,2016,473574
ES413,León,2017,468637
ES413,León,2018,464276
ES413,León,2019,460247
ES413,León,2020,456697
ES413,León,2021,452435
ES413,León,2022,449271
ES413,León,2023,448573
ES413,León,2024,447802
ES414,Palencia,1990,186491
ES414,Palencia,1991,185627
ES414,Palencia,1992,184787
ES414,Palencia,1993,183939
ES414,Palencia,1994,182882
ES414,Palencia,1995,182018
ES414,Palencia,1996,181026
ES414,Palencia,1997,179970
ES414,Palencia,1998,178920
ES414,Palencia,1999,177624
ES414,Palencia,2000,176371
ES414,Palencia,2001,175092
ES414,Palencia,2002,173727
ES414,Palencia,2003,173244
ES414,Palencia,2004,172694
ES414,Palencia,2005,172384
ES414,Palencia,2006,172446
ES414,Palencia,2007,172564
ES414,Palencia,2008,172703
ES414,Palencia,2009,172668
ES414,Palencia,2010,171891
ES414,Palencia,2011,171298
ES414,Palencia,2012,170305
ES414,Palencia,2013,168670
ES414,Palencia,2014,167237
ES414,Palencia,2015,165820
ES414,Palencia,2016,164421
ES414,Palencia,2017,163221
ES414,Palencia,2018,162064
ES414,Palencia,2019,161053
ES414,Palencia,2020,160357
ES414,Palencia,2021,159146
ES414,Palencia,2022,157993
ES414,Palencia,2023,157787
ES414,Palencia,2024,158063
ES415,Salamanca,1990,360031
ES415,Salamanca,1991,358170
ES415,Salamanca,1992,357220
ES415,Salamanca,1993,356520
ES415,Salamanca,1994,355639
ES415,Salamanca,1995,354644
ES415,Salamanca,1996,353495
ES415,Salamanca,1997,352106
ES415,Salamanca,1998,350851
ES415,Salamanca,1999,349317
ES415,Salamanca,2000,347751
ES415,Salamanca,2001,346494
ES415,Salamanca,2002,345098
ES415,Salamanca,2003,345560
ES415,Salamanca,2004,345719
ES415,Salamanca,2005,346307
ES415,Salamanca,2006,346303
ES415,Salamanca,2007,347712
ES415,Salamanca,2008,349846
ES415,Salamanca,2009,351009
ES415,Salamanca,2010,350904
ES415,Salamanca,2011,350817
ES415,Salamanca,2012,349621
ES415,Salamanca,2013,347040
ES415,Salamanca,2014,344104
ES415,Salamanca,2015,341635
ES415,Salamanca,2016,338308
ES415,Salamanca,2017,335783
ES415,Salamanca,2018,333500
ES415,Salamanca,2019,332044
ES415,Salamanca,2020,330834
ES415,Salamanca,2021,327735
ES415,Salamanca,2022,326285
ES415,Salamanca,2023,327089
ES415,Salamanca,2024,327552
ES416,Segovia,1990,147859
ES416,Segovia,1991,147304
ES416,Segovia,1992,147384
ES416,Segovia,1993,147495
ES416,Segovia,1994,147580
ES416,Segovia,1995,147637
ES416,Segovia,1996,147700
ES416,Segovia,1997,147751
ES416,Segovia,1998,147823
ES416,Segovia,1999,147768
ES416,Segovia,2000,147623
ES416,Segovia,2001,147613
ES416,Segovia,2002,147626
ES416,Segovia,2003,149643
ES416,Segovia,2004,151736
ES416,Segovia,2005,154211
ES416,Segovia,2006,156275
ES416,Segovia,2007,159147
ES416,Segovia,2008,163089
ES416,Segovia,2009,163367
ES416,Segovia,2010,163171
ES416,Segovia,2011,163430
ES416,Segovia,2012,162938
ES416,Segovia,2013,161205
ES416,Segovia,2014,158798
ES416,Segovia,2015,157578
ES416,Segovia,2016,155991
ES416,Segovia,2017,154854
ES416,Segovia,2018,153983
ES416,Segovia,2019,153571
ES416,Segovia,2020,153641
ES416,Segovia,2021,153626
ES416,Segovia,2022,153731
ES416,Segovia,2023,155332
ES416,Segovia,2024,156620
ES417,Soria,1990,95478
ES417,Soria,1991,94703
ES417,Soria,1992,94275
ES417,Soria,1993,93925
ES417,Soria,1994,93618
ES417,Soria,1995,93289
ES417,Soria,1996,92926
ES417,Soria,1997,92502
ES417,Soria,1998,92103
ES417,Soria,1999,91713
ES417,Soria,2000,91270
ES417,Soria,2001,90898
ES417,Soria,2002,90351
ES417,Soria,2003,91122
ES417,Soria,2004,91781
ES417,Soria,2005,92265
ES417,Soria,2006,92738
ES417,Soria,2007,93425
ES417,Soria,2008,94468
ES417,Soria,2009,94737
ES417,Soria,2010,94981
ES417,Soria,2011,94905
ES417,Soria,2012,94472
ES417,Soria,2013,93373
ES417,Soria,2014,92374
ES417,Soria,2015,91454
ES417,Soria,2016,90460
ES417,Soria,2017,89614
ES417,Soria,2018,89329
ES417,Soria,2019,89008
ES417,Soria,2020,89302
ES417,Soria,2021,88796
ES417,Soria,2022,88330
ES417,Soria,2023,89528
ES417,Soria,2024,90073
ES418,Valladolid,1990,494805
ES418,Valladolid,1991,494418
ES418,Valladolid,1992,494865
ES418,Valladolid,1993,495570
ES418,Valladolid,1994,496134
ES418,Valladolid,1995,496617
ES418,Valladolid,1996,496808
ES418,Valladolid,1997,497004
ES418,Valladolid,1998,497307
ES418,Valladolid,1999,497221
ES418,Valladolid,2000,497333
ES418,Valladolid,2001,497627
ES418,Valladolid,2002,499630
ES418,Valladolid,2003,503346
ES418,Valladolid,2004,506390
ES418,Valladolid,2005,509999
ES418,Valladolid,2006,513753
ES418,Valladolid,2007,518851
ES418,Valladolid,2008,525649
ES418,Valladolid,2009,528795
ES418,Valladolid,2010,530499
ES418,Valladolid,2011,531887
ES418,Valladolid,2012,532649
ES418,Valladolid,2013,530848
ES418,Valladolid,2014,528486
ES418,Valladolid,2015,527199
ES418,Valladolid,2016,524669
ES418,Valladolid,2017,522985
ES418,Valladolid,2018,520930
ES418,Valladolid,2019,520483
ES418,Valladolid,2020,520904
ES418,Valladolid,2021,519380
ES418,Valladolid,2022,518159
ES418,Valladolid,2023,521333
ES418,Valladolid,2024,525116
ES419,Zamora,1990,216104
ES419,Zamora,1991,214107
ES419,Zamora,1992,212778
ES419,Zamora,1993,211568
ES419,Zamora,1994,210384
ES419,Zamora,1995,209046
ES419,Zamora,1996,207677
ES419,Zamora,1997,206283
ES419,Zamora,1998,204944
ES419,Zamora,1999,203516
ES419,Zamora,2000,201777
ES419,Zamora,2001,200313
ES419,Zamora,2002,198342
ES419,Zamora,2003,197681
ES419,Zamora,2004,196858
ES419,Zamora,2005,196342
ES419,Zamora,2006,195996
ES419,Zamora,2007,195861
ES419,Zamora,2008,196175
ES419,Zamora,2009,194924
ES419,Zamora,2010,193745
ES419,Zamora,2011,192727
ES419,Zamora,2012,191316
ES419,Zamora,2013,188878
ES419,Zamora,2014,186117
ES419,Zamora,2015,183885
ES419,Zamora,2016,181057
ES419,Zamora,2017,178243
ES419,Zamora,2018,175662
ES419,Zamora,2019,173318
ES419,Zamora,2020,171301
ES419,Zamora,2021,169165
ES419,Zamora,2022,167868
ES419,Zamora,2023,166927
ES419,Zamora,2024,166253
ES421,Albacete,1990,342765
ES421,Albacete,1991,342820
ES421,Albacete,1992,344655
ES421,Albacete,1993,347060
ES421,Albacete,1994,349083
ES421,Albacete,1995,351295
ES421,Albacete,1996,353525
ES421,Albacete,1997,355497
ES421,Albacete,1998,357538
ES421,Albacete,1999,359296
ES421,Albacete,2000,361210
ES421,Albacete,2001,363038
ES421,Albacete,2002,365532
ES421,Albacete,2003,370387
ES421,Albacete,2004,374711
ES421,Albacete,2005,379279
ES421,Albacete,2006,383457
ES421,Albacete,2007,389126
ES421,Albacete,2008,394526
ES421,Albacete,2009,397885
ES421,Albacete,2010,399445
ES421,Albacete,2011,400846
ES421,Albacete,2012,401579
ES421,Albacete,2013,399093
ES421,Albacete,2014,396017
ES421,Albacete,2015,394012
ES421,Albacete,2016,391865
ES421,Albacete,2017,390225
ES421,Albacete,2018,388948
ES421,Albacete,2019,387818
ES421,Albacete,2020,387838
ES421,Albacete,2021,386726
ES421,Albacete,2022,385967
ES421,Albacete,2023,387529
ES421,Albacete,2024,389070
ES422,Ciudad Real,1990,476600
ES422,Ciudad Real,1991,475825
ES422,Ciudad Real,1992,476375
ES422,Ciudad Real,1993,477519
ES422,Ciudad Real,1994,478296
ES422,Ciudad Real,1995,478996
ES422,Ciudad Real,1996,479413
ES422,Ciudad Real,1997,479496
ES422,Ciudad Real,1998,479722
ES422,Ciudad Real,1999,479467
ES422,Ciudad Real,2000,479077
ES422,Ciudad Real,2001,478993
ES422,Ciudad Real,2002,479143
ES422,Ciudad Real,2003,483315
ES422,Ciudad Real,2004,488060
ES422,Ciudad Real,2005,494024
ES422,Ciudad Real,2006,500922
ES422,Ciudad Real,2007,509226
ES422,Ciudad Real,2008,519760
ES422,Ciudad Real,2009,523971
ES422,Ciudad Real,2010,525454
ES422,Ciudad Real,2011,526171
ES422,Ciudad Real,2012,526292
ES422,Ciudad Real,2013,522634
ES422,Ciudad Real,2014,518032
ES422,Ciudad Real,2015,514152
ES422,Ciudad Real,2016,508629
ES422,Ciudad Real,2017,504403
ES422,Ciudad Real,2018,499168
ES422,Ciudad Real,2019,495686
ES422,Ciudad Real,2020,494817
ES422,Ciudad Real,2021,492900
ES422,Ciudad Real,2022,490952
ES422,Ciudad Real,2023,491927
ES422,Ciudad Real,2024,492948
ES423,Cuenca,1990,206574
ES423,Cuenca,1991,205482
ES423,Cuenca,1992,205047
ES423,Cuenca,1993,204878
ES423,Cuenca,1994,204540
ES423,Cuenca,1995,203960
ES423,Cuenca,1996,203439
ES423,Cuenca,1997,202868
ES423,Cuenca,1998,202335
ES423,Cuenca,1999,201715
ES423,Cuenca,2000,201141
ES423,Cuenca,2001,200699
ES423,Cuenca,2002,199657
ES423,Cuenca,2003,201190
ES423,Cuenca,2004,203138
ES423,Cuenca,2005,205791
ES423,Cuenca,2006,208119
ES423,Cuenca,2007,211117
ES423,Cuenca,2008,214904
ES423,Cuenca,2009,216438
ES423,Cuenca,2010,216608
ES423,Cuenca,2011,216370
ES423,Cuenca,2012,214752
ES423,Cuenca,2013,211356
ES423,Cuenca,2014,208031
ES423,Cuenca,2015,205664
ES423,Cuenca,2016,202864
ES423,Cuenca,2017,200531
ES423,Cuenca,2018,198922
ES423,Cuenca,2019,197617
ES423,Cuenca,2020,197537
ES423,Cuenca,2021,196510
ES423,Cuenca,2022,196640
ES423,Cuenca,2023,198436
ES423,Cuenca,2024,199025
ES424,Guadalajara,1990,145707
ES424,Guadalajara,1991,145632
ES424,Guadalajara,1992,147693
ES424,Guadalajara,1993,150334
ES424,Guadalajara,1994,152866
ES424,Guadalajara,1995,155407
ES424,Guadalajara,1996,158084
ES424,Guadalajara,1997,160754
ES424,Guadalajara,1998,163532
ES424,Guadalajara,1999,166250
ES424,Guadalajara,2000,169171
ES424,Guadalajara,2001,172325
ES424,Guadalajara,2002,175767
ES424,Guadalajara,2003,183883
ES424,Guadalajara,2004,193135
ES424,Guadalajara,2005,202528
ES424,Guadalajara,2006,213164
ES424,Guadalajara,2007,225046
ES424,Guadalajara,2008,237363
ES424,Guadalajara,2009,245399
ES424,Guadalajara,2010,250526
ES424,Guadalajara,2011,254660
ES424,Guadalajara,2012,257732
ES424,Guadalajara,2013,256825
ES424,Guadalajara,2014,255075
ES424,Guadalajara,2015,254458
ES424,Guadalajara,2016,254191
ES424,Guadalajara,2017,255242
ES424,Guadalajara,2018,256247
ES424,Guadalajara,2019,259266
ES424,Guadalajara,2020,262985
ES424,Guadalajara,2021,265969
ES424,Guadalajara,2022,268412
ES424,Guadalajara,2023,275082
ES424,Guadalajara,2024,280225
ES425,Toledo,1990,488861
ES425,Toledo,1991,489612
ES425,Toledo,1992,493893
ES425,Toledo,1993,498881
ES425,Toledo,1994,503752
ES425,Toledo,1995,508605
ES425,Toledo,1996,513241
ES425,Toledo,1997,517674
ES425,Toledo,1998,522457
ES425,Toledo,1999,527085
ES425,Toledo,2000,531857
ES425,Toledo,2001,536947
ES425,Toledo,2002,543378
ES425,Toledo,2003,558375
ES425,Toledo,2004,574499
ES425,Toledo,2005,592395
ES425,Toledo,2006,611783
ES425,Toledo,2007,636693
ES425,Toledo,2008,665287
ES425,Toledo,2009,682735
ES425,Toledo,2010,692435
ES425,Toledo,2011,701017
ES425,Toledo,2012,705580
ES425,Toledo,2013,703566
ES425,Toledo,2014,697605
ES425,Toledo,2015,694329
ES425,Toledo,2016,691787
ES425,Toledo,2017,691021
ES425,Toledo,2018,691124
ES425,Toledo,2019,696390
ES425,Toledo,2020,704792
ES425,Toledo,2021,710400
ES425,Toledo,2022,716313
ES425,Toledo,2023,731112
ES425,Toledo,2024,743165
ES431,Badajoz,1990,651354
ES431,Badajoz,1991,650773
ES431,Badajoz,1992,651683
ES431,Badajoz,1993,653084
ES431,Badajoz,1994,653910
ES431,Badajoz,1995,654699
ES431,Badajoz,1996,655090
ES431,Badajoz,1997,655173
ES431,Badajoz,1998,655270
ES431,Badajoz,1999,655000
ES431,Badajoz,2000,654684
ES431,Badajoz,2001,654563
ES431,Badajoz,2002,655020
ES431,Badajoz,2003,656226
ES431,Badajoz,2004,659637
ES431,Badajoz,2005,664411
ES431,Badajoz,2006,668518
ES431,Badajoz,2007,674170
ES431,Badajoz,2008,680677
ES431,Badajoz,2009,684390
ES431,Badajoz,2010,687744
ES431,Badajoz,2011,689902
ES431,Badajoz,2012,691832
ES431,Badajoz,2013,690889
ES431,Badajoz,2014,688697
ES431,Badajoz,2015,686250
ES431,Badajoz,2016,682970
ES431,Badajoz,2017,679042
ES431,Badajoz,2018,675742
ES431,Badajoz,2019,673384
ES431,Badajoz,2020,672045
ES431,Badajoz,2021,671092
ES431,Badajoz,2022,667851
ES431,Badajoz,2023,666049
ES431,Badajoz,2024,666029
ES432,Cáceres,1990,413904
ES432,Cáceres,1991,411968
ES432,Cáceres,1992,411429
ES432,Cáceres,1993,411301
ES432,Cáceres,1994,410866
ES432,Cáceres,1995,410377
ES432,Cáceres,1996,409610
ES432,Cáceres,1997,408709
ES432,Cáceres,1998,407710
ES432,Cáceres,1999,406607
ES432,Cáceres,2000,405346
ES432,Cáceres,2001,404448
ES432,Cáceres,2002,402770
ES432,Cáceres,2003,404125
ES432,Cáceres,2004,404737
ES432,Cáceres,2005,405685
ES432,Cáceres,2006,406419
ES432,Cáceres,2007,407702
ES432,Cáceres,2008,408978
ES432,Cáceres,2009,410303
ES432,Cáceres,2010,411866
ES432,Cáceres,2011,412397
ES432,Cáceres,2012,412504
ES432,Cáceres,2013,410135
ES432,Cáceres,2014,408011
ES432,Cáceres,2015,405967
ES432,Cáceres,2016,403183
ES432,Cáceres,2017,400066
ES432,Cáceres,2018,396979
ES432,Cáceres,2019,394541
ES432,Cáceres,2020,392925
ES432,Cáceres,2021,390544
ES432,Cáceres,2022,388957
ES432,Cáceres,2023,388257
ES432,Cáceres,2024,388652
ES511,Barcelona,1990,4665449
ES511,Barcelona,1991,4657121
ES511,Barcelona,1992,4666998
ES511,Barcelona,1993,4682089
ES511,Barcelona,1994,4695395
ES511,Barcelona,1995,4708424
ES511,Barcelona,1996,4720115
ES511,Barcelona,1997,4732286
ES511,Barcelona,1998,4745349
ES511,Barcelona,1999,4757760
ES511,Barcelona,2000,4771151
ES511,Barcelona,2001,4789261
ES511,Barcelona,2002,4835593
ES511,Barcelona,2003,4956066
ES511,Barcelona,2004,5052814
ES511,Barcelona,2005,5143474
ES511,Barcelona,2006,5221841
ES511,Barcelona,2007,5297172
ES511,Barcelona,2008,5387705
ES511,Barcelona,2009,5465835
ES511,Barcelona,2010,5488633
ES511,Barcelona,2011,5505667
ES511,Barcelona,2012,5518280
ES511,Barcelona,2013,5500080
ES511,Barcelona,2014,5459762
ES511,Barcelona,2015,5453143
ES511,Barcelona,2016,5472926
ES511,Barcelona,2017,5507412
ES511,Barcelona,2018,5556273
ES511,Barcelona,2019,5622704
ES511,Barcelona,2020,5690371
ES511,Barcelona,2021,5702262
ES511,Barcelona,2022,5699634
ES511,Barcelona,2023,5797356
ES511,Barcelona,2024,5877672
ES512,Girona,1990,505207
ES512,Girona,1991,509055
ES512,Girona,1992,514118
ES512,Girona,1993,519562
ES512,Girona,1994,524841
ES512,Girona,1995,530001
ES512,Girona,1996,534799
ES512,Girona,1997,539838
ES512,Girona,1998,544948
ES512,Girona,1999,550090
ES512,Girona,2000,555090
ES512,Girona,2001,560709
ES512,Girona,2002,568690
ES512,Girona,2003,593084
ES512,Girona,2004,618292
ES512,Girona,2005,645158
ES512,Girona,2006,668910
ES512,Girona,2007,694216
ES512,Girona,2008,719745
ES512,Girona,2009,735862
ES512,Girona,2010,741848
ES512,Girona,2011,747041
ES512,Girona,2012,751596
ES512,Girona,2013,750022
ES512,Girona,2014,745189
ES512,Girona,2015,743431
ES512,Girona,2016,745797
ES512,Girona,2017,750468
ES512,Girona,2018,756522
ES512,Girona,2019,765476
ES512,Girona,2020,776698
ES512,Girona,2021,784941
ES512,Girona,2022,790435
ES512,Girona,2023,808672
ES512,Girona,2024,821108
ES513,Lleida,1990,354142
ES513,Lleida,1991,353595
ES513,Lleida,1992,354161
ES513,Lleida,1993,355225
ES513,Lleida,1994,356210
ES513,Lleida,1995,356854
ES513,Lleida,1996,357448
ES513,Lleida,1997,358127
ES513,Lleida,1998,358745
ES513,Lleida,1999,359318
ES513,Lleida,2000,360040
ES513,Lleida,2001,361078
ES513,Lleida,2002,363182
ES513,Lleida,2003,371137
ES513,Lleida,2004,380552
ES513,Lleida,2005,392915
ES513,Lleida,2006,401661
ES513,Lleida,2007,411142
ES513,Lleida,2008,423482
ES513,Lleida,2009,431413
ES513,Lleida,2010,434183
ES513,Lleida,2011,436695
ES513,Lleida,2012,438215
ES513,Lleida,2013,435838
ES513,Lleida,2014,432397
ES513,Lleida,2015,431044
ES513,Lleida,2016,429806
ES513,Lleida,2017,429821
ES513,Lleida,2018,430650
ES513,Lleida,2019,432917
ES513,Lleida,2020,437508
ES513,Lleida,2021,439258
ES513,Lleida,2022,440884
ES513,Lleida,2023,447343
ES513,Lleida,2024,451707
ES514,Tarragona,1990,539943
ES514,Tarragona,1991,541736
ES514,Tarragona,1992,547218
ES514,Tarragona,1993,553700
ES514,Tarragona,1994,559862
ES514,Tarragona,1995,565930
ES514,Tarragona,1996,571965
ES514,Tarragona,1997,578122
ES514,Tarragona,1998,584308
ES514,Tarragona,1999,590625
ES514,Tarragona,2000,596820
ES514,Tarragona,2001,603801
ES514,Tarragona,2002,613027
ES514,Tarragona,2003,636613
ES514,Tarragona,2004,661090
ES514,Tarragona,2005,689264
ES514,Tarragona,2006,718447
ES514,Tarragona,2007,749152
ES514,Tarragona,2008,780214
ES514,Tarragona,2009,793982
ES514,Tarragona,2010,798824
ES514,Tarragona,2011,803860
ES514,Tarragona,2012,806900
ES514,Tarragona,2013,802724
ES514,Tarragona,2014,795485
ES514,Tarragona,2015,793272
ES514,Tarragona,2016,792163
ES514,Tarragona,2017,793077
ES514,Tarragona,2018,795919
ES514,Tarragona,2019,803528
ES514,Tarragona,2020,815746
ES514,Tarragona,2021,823435
ES514,Tarragona,2022,830911
ES514,Tarragona,2023,848592
ES514,Tarragona,2024,861744
ES521,Alicante/Alacant,1990,1278384
ES521,Alicante/Alacant,1991,1290865
ES521,Alicante/Alacant,1992,1306647
ES521,Alicante/Alacant,1993,1323214
ES521,Alicante/Alacant,1994,1338876
ES521,Alicante/Alacant,1995,1354317
ES521,Alicante/Alacant,1996,1369564
ES521,Alicante/Alacant,1997,1384693
ES521,Alicante/Alacant,1998,1399556
ES521,Alicante/Alacant,1999,1414892
ES521,Alicante/Alacant,2000,1430451
ES521,Alicante/Alacant,2001,1447225
ES521,Alicante/Alacant,2002,1478298
ES521,Alicante/Alacant,2003,1542321
ES521,Alicante/Alacant,2004,1602172
ES521,Alicante/Alacant,2005,1661655
ES521,Alicante/Alacant,2006,1713931
ES521,Alicante/Alacant,2007,1766322
ES521,Alicante/Alacant,2008,1817518
ES521,Alicante/Alacant,2009,1836136
ES521,Alicante/Alacant,2010,1840085
ES521,Alicante/Alacant,2011,1844433
ES521,Alicante/Alacant,2012,1853206
ES521,Alicante/Alacant,2013,1852733
ES521,Alicante/Alacant,2014,1848236
ES521,Alicante/Alacant,2015,1838578
ES521,Alicante/Alacant,2016,1837873
ES521,Alicante/Alacant,2017,1836715
ES521,Alicante/Alacant,2018,1839319
ES521,Alicante/Alacant,2019,1855384
ES521,Alicante/Alacant,2020,1877627
ES521,Alicante/Alacant,2021,1887036
ES521,Alicante/Alacant,2022,1907497
ES521,Alicante/Alacant,2023,1955268
ES521,Alicante/Alacant,2024,1993289
ES522,Castellón/Castelló,1990,446158
ES522,Castellón/Castelló,1991,446767
ES522,Castellón/Castelló,1992,449589
ES522,Castellón/Castelló,1993,453154
ES522,Castellón/Castelló,1994,456687
ES522,Castellón/Castelló,1995,459972
ES522,Castellón/Castelló,1996,463355
ES522,Castellón/Castelló,1997,466654
ES522,Castellón/Castelló,1998,470082
ES522,Castellón/Castelló,1999,473504
ES522,Castellón/Castelló,2000,477024
ES522,Castellón/Castelló,2001,480957
ES522,Castellón/Castelló,2002,487552
ES522,Castellón/Castelló,2003,504095
ES522,Castellón/Castelló,2004,518174
ES522,Castellón/Castelló,2005,533626
ES522,Castellón/Castelló,2006,548370
ES522,Castellón/Castelló,2007,567547
ES522,Castellón/Castelló,2008,588013
ES522,Castellón/Castelló,2009,594743
ES522,Castellón/Castelló,2010,595852
ES522,Castellón/Castelló,2011,595565
ES522,Castellón/Castelló,2012,593926
ES522,Castellón/Castelló,2013,586696
ES522,Castellón/Castelló,2014,580349
ES522,Castellón/Castelló,2015,577738
ES522,Castellón/Castelló,2016,575546
ES522,Castellón/Castelló,2017,575433
ES522,Castellón/Castelló,2018,576342
ES522,Castellón/Castelló,2019,579592
ES522,Castellón/Castelló,2020,584201
ES522,Castellón/Castelló,2021,587632
ES522,Castellón/Castelló,2022,591303
ES522,Castellón/Castelló,2023,604086
ES522,Castellón/Castelló,2024,615188
ES523,Valencia/València,1990,2117278
ES523,Valencia/València,1991,2118350
ES523,Valencia/València,1992,2126541
ES523,Valencia/València,1993,2136846
ES523,Valencia/València,1994,2146761
ES523,Valencia/València,1995,2155112
ES523,Valencia/València,1996,2163815
ES523,Valencia/València,1997,2171645
ES523,Valencia/València,1998,2179750
ES523,Valencia/València,1999,2187984
ES523,Valencia/València,2000,2196341
ES523,Valencia/València,2001,2207001
ES523,Valencia/València,2002,2226427
ES523,Valencia/València,2003,2275650
ES523,Valencia/València,2004,2321595
ES523,Valencia/València,2005,2371882
ES523,Valencia/València,2006,2418732
ES523,Valencia/València,2007,2467759
ES523,Valencia/València,2008,2522564
ES523,Valencia/València,2009,2550405
ES523,Valencia/València,2010,2553694
ES523,Valencia/València,2011,2559194
ES523,Valencia/València,2012,2562518
ES523,Valencia/València,2013,2548936
ES523,Valencia/València,2014,2531628
ES523,Valencia/València,2015,2528776
ES523,Valencia/València,2016,2526469
ES523,Valencia/València,2017,2531673
ES523,Valencia/València,2018,2542923
ES523,Valencia/València,2019,2554332
ES523,Valencia/València,2020,2584654
ES523,Valencia/València,2021,2593243
ES523,Valencia/València,2022,2609327
ES523,Valencia/València,2023,2656841
ES523,Valencia/València,2024,2710808
ES531,Eivissa y Formentera,2002,94390
ES531,Eivissa y Formentera,2003,101393
ES531,Eivissa y Formentera,2004,106816
ES531,Eivissa y Formentera,2005,112019
ES531,Eivissa y Formentera,2006,117297
ES531,Eivissa y Formentera,2007,123443
ES531,Eivissa y Formentera,2008,130600
ES531,Eivissa y Formentera,2009,135248
ES531,Eivissa y Formentera,2010,138317
ES531,Eivissa y Formentera,2011,140850
ES531,Eivissa y Formentera,2012,144309
ES531,Eivissa y Formentera,2013,147999
ES531,Eivissa y Formentera,2014,150793
ES531,Eivissa y Formentera,2015,152991
ES531,Eivissa y Formentera,2016,155126
ES531,Eivissa y Formentera,2017,157571
ES531,Eivissa y Formentera,2018,159874
ES531,Eivissa y Formentera,2019,162187
ES531,Eivissa y Formentera,2020,164786
ES531,Eivissa y Formentera,2021,166077
ES531,Eivissa y Formentera,2022,167295
ES531,Eivissa y Formentera,2023,170569
ES531,Eivissa y Formentera,2024,172968
ES532,Mallorca,2002,679051
ES532,Mallorca,2003,706537
ES532,Mallorca,2004,727151
ES532,Mallorca,2005,746103
ES532,Mallorca,2006,768143
ES532,Mallorca,2007,794323
ES532,Mallorca,2008,822204
ES532,Mallorca,2009,842781
ES532,Mallorca,2010,852296
ES532,Mallorca,2011,857174
ES532,Mallorca,2012,862175
ES532,Mallorca,2013,863221
ES532,Mallorca,2014,862684
ES532,Mallorca,2015,865877
ES532,Mallorca,2016,870334
ES532,Mallorca,2017,878821
ES532,Mallorca,2018,888470
ES532,Mallorca,2019,901392
ES532,Mallorca,2020,916246
ES532,Mallorca,2021,920605
ES532,Mallorca,2022,922605
ES532,Mallorca,2023,940332
ES532,Mallorca,2024,957726
ES533,Menorca,2002,71687
ES533,Menorca,2003,75479
ES533,Menorca,2004,78998
ES533,Menorca,2005,81999
ES533,Menorca,2006,84854
ES533,Menorca,2007,87415
ES533,Menorca,2008,90053
ES533,Menorca,2009,92138
ES533,Menorca,2010,93066
ES533,Menorca,2011,93640
ES533,Menorca,2012,94231
ES533,Menorca,2013,93911
ES533,Menorca,2014,93140
ES533,Menorca,2015,92134
ES533,Menorca,2016,91893
ES533,Menorca,2017,92100
ES533,Menorca,2018,92889
ES533,Menorca,2019,94349
ES533,Menorca,2020,95784
ES533,Menorca,2021,96733
ES533,Menorca,2022,97143
ES533,Menorca,2023,99005
ES533,Menorca,2024,101074
ES611,Almería,1990,450797
ES611,Almería,1991,454951
ES611,Almería,1992,462052
ES611,Almería,1993,470038
ES611,Almería,1994,477638
ES611,Almería,1995,485082
ES611,Almería,1996,492536
ES611,Almería,1997,499714
ES611,Almería,1998,507104
ES611,Almería,1999,514492
ES611,Almería,2000,522095
ES611,Almería,2001,529788
ES611,Almería,2002,545527
ES611,Almería,2003,560652
ES611,Almería,2004,577424
ES611,Almería,2005,603218
ES611,Almería,2006,627719
ES611,Almería,2007,642792
ES611,Almería,2008,659441
ES611,Almería,2009,673038
ES611,Almería,2010,680476
ES611,Almería,2011,686446
ES611,Almería,2012,689320
ES611,Almería,2013,692434
ES611,Almería,2014,690750
ES611,Almería,2015,694051
ES611,Almería,2016,700055
ES611,Almería,2017,704871
ES611,Almería,2018,707319
ES611,Almería,2019,714123
ES611,Almería,2020,724003
ES611,Almería,2021,730430
ES611,Almería,2022,739543
ES611,Almería,2023,753364
ES611,Almería,2024,760964
ES612,Cádiz,1990,1072552
ES612,Cádiz,1991,1077946
ES612,Cádiz,1992,1083179
ES612,Cádiz,1993,1088511
ES612,Cádiz,1994,1093138
ES612,Cádiz,1995,1097121
ES612,Cádiz,1996,1100126
ES612,Cádiz,1997,1102546
ES612,Cádiz,1998,1105356
ES612,Cádiz,1999,1107745
ES612,Cádiz,2000,1110116
ES612,Cádiz,2001,1113137
ES612,Cádiz,2002,1118779
ES612,Cádiz,2003,1130551
ES612,Cádiz,2004,1144134
ES612,Cádiz,2005,1160688
ES612,Cádiz,2006,1176672
ES612,Cádiz,2007,1193630
ES612,Cádiz,2008,1209073
ES612,Cádiz,2009,1221028
ES612,Cádiz,2010,1229837
ES612,Cádiz,2011,1238919
ES612,Cádiz,2012,1245360
ES612,Cádiz,2013,1246384
ES612,Cádiz,2014,1245504
ES612,Cádiz,2015,1245567
ES612,Cádiz,2016,1244475
ES612,Cádiz,2017,1244090
ES612,Cádiz,2018,1243737
ES612,Cádiz,2019,1243186
ES612,Cádiz,2020,1247160
ES612,Cádiz,2021,1249873
ES612,Cádiz,2022,1250545
ES612,Cádiz,2023,1254866
ES612,Cádiz,2024,1258730
ES613,Córdoba,1990,751858
ES613,Córdoba,1991,754226
ES613,Córdoba,1992,756192
ES613,Córdoba,1993,758559
ES613,Córdoba,1994,760073
ES613,Córdoba,1995,761142
ES613,Córdoba,1996,761366
ES613,Córdoba,1997,761586
ES613,Córdoba,1998,761797
ES613,Córdoba,1999,761497
ES613,Córdoba,2000,761244
ES613,Córdoba,2001,761339
ES613,Córdoba,2002,762178
ES613,Córdoba,2003,766012
ES613,Córdoba,2004,770523
ES613,Córdoba,2005,775834
ES613,Córdoba,2006,780677
ES613,Córdoba,2007,786383
ES613,Córdoba,2008,792683
ES613,Córdoba,2009,797327
ES613,Córdoba,2010,799765
ES613,Córdoba,2011,801787
ES613,Córdoba,2012,802719
ES613,Córdoba,2013,799934
ES613,Córdoba,2014,796830
ES613,Córdoba,2015,794359
ES613,Córdoba,2016,790749
ES613,Córdoba,2017,787735
ES613,Córdoba,2018,784079
ES613,Córdoba,2019,780982
ES613,Córdoba,2020,780825
ES613,Córdoba,2021,777622
ES613,Córdoba,2022,775111
ES613,Córdoba,2023,775002
ES613,Córdoba,2024,774313
ES614,Granada,1990,789020
ES614,Granada,1991,791211
ES614,Granada,1992,794234
ES614,Granada,1993,798388
ES614,Granada,1994,801903
ES614,Granada,1995,805020
ES614,Granada,1996,808192
ES614,Granada,1997,810747
ES614,Granada,1998,813211
ES614,Granada,1999,814980
ES614,Granada,2000,816663
ES614,Granada,2001,819049
ES614,Granada,2002,821896
ES614,Granada,2003,831318
ES614,Granada,2004,842810
ES614,Granada,2005,856428
ES614,Granada,2006,871598
ES614,Granada,2007,885032
ES614,Granada,2008,900260
ES614,Granada,2009,909104
ES614,Granada,2010,915318
ES614,Granada,2011,919882
ES614,Granada,2012,922463
ES614,Granada,2013,921509
ES614,Granada,2014,919381
ES614,Granada,2015,917546
ES614,Granada,2016,915706
ES614,Granada,2017,914780
ES614,Granada,2018,915140
ES614,Granada,2019,916879
ES614,Granada,2020,921966
ES614,Granada,2021,925046
ES614,Granada,2022,926021
ES614,Granada,2023,934072
ES614,Granada,2024,939741
ES615,Huelva,1990,441349
ES615,Huelva,1991,443256
ES615,Huelva,1992,445201
ES615,Huelva,1993,447380
ES615,Huelva,1994,449406
ES615,Huelva,1995,451167
ES615,Huelva,1996,452935
ES615,Huelva,1997,454387
ES615,Huelva,1998,455895
ES615,Huelva,1999,457242
ES615,Huelva,2000,458851
ES615,Huelva,2001,460686
ES615,Huelva,2002,463860
ES615,Huelva,2003,468680
ES615,Huelva,2004,473453
ES615,Huelva,2005,479905
ES615,Huelva,2006,488530
ES615,Huelva,2007,495171
ES615,Huelva,2008,505033
ES615,Huelva,2009,510271
ES615,Huelva,2010,514631
ES615,Huelva,2011,517888
ES615,Huelva,2012,519980
ES615,Huelva,2013,520327
ES615,Huelva,2014,520453
ES615,Huelva,2015,520840
ES615,Huelva,2016,520086
ES615,Huelva,2017,519144
ES615,Huelva,2018,520445
ES615,Huelva,2019,522138
ES615,Huelva,2020,525333
ES615,Huelva,2021,527254
ES615,Huelva,2022,531096
ES615,Huelva,2023,534084
ES615,Huelva,2024,535734
ES616,Jaén,1990,639381
ES616,Jaén,1991,638032
ES616,Jaén,1992,639218
ES616,Jaén,1993,641025
ES616,Jaén,1994,642685
ES616,Jaén,1995,643765
ES616,Jaén,1996,644464
ES616,Jaén,1997,644743
ES616,Jaén,1998,644867
ES616,Jaén,1999,644390
ES616,Jaén,2000,644275
ES616,Jaén,2001,644054
ES616,Jaén,2002,643828
ES616,Jaén,2003,646841
ES616,Jaén,2004,649929
ES616,Jaén,2005,653773
ES616,Jaén,2006,656534
ES616,Jaén,2007,659844
ES616,Jaén,2008,663525
ES616,Jaén,2009,665195
ES616,Jaén,2010,666362
ES616,Jaén,2011,667060
ES616,Jaén,2012,667264
ES616,Jaén,2013,661647
ES616,Jaén,2014,656162
ES616,Jaén,2015,652317
ES616,Jaén,2016,647007
ES616,Jaén,2017,642515
ES616,Jaén,2018,637669
ES616,Jaén,2019,633375
ES616,Jaén,2020,630524
ES616,Jaén,2021,627568
ES616,Jaén,2022,624191
ES616,Jaén,2023,620637
ES616,Jaén,2024,619055
ES617,Málaga,1990,1145807
ES617,Málaga,1991,1158881
ES617,Málaga,1992,1171333
ES617,Málaga,1993,1183973
ES617,Málaga,1994,1195896
ES617,Málaga,1995,1207179
ES617,Málaga,1996,1218500
ES617,Málaga,1997,1229495
ES617,Málaga,1998,1241001
ES617,Málaga,1999,1251973
ES617,Málaga,2000,1263686
ES617,Málaga,2001,1276063
ES617,Málaga,2002,1302639
ES617,Málaga,2003,1338410
ES617,Málaga,2004,1373765
ES617,Málaga,2005,1415714
ES617,Málaga,2006,1456083
ES617,Málaga,2007,1491791
ES617,Málaga,2008,1529004
ES617,Málaga,2009,1552894
ES617,Málaga,2010,1566665
ES617,Málaga,2011,1581346
ES617,Málaga,2012,1598130
ES617,Málaga,2013,1610728
ES617,Málaga,2014,1618101
ES617,Málaga,2015,1629179
ES617,Málaga,2016,1638378
ES617,Málaga,2017,1644147
ES617,Málaga,2018,1650068
ES617,Málaga,2019,1660348
ES617,Málaga,2020,1683380
ES617,Málaga,2021,1696955
ES617,Málaga,2022,1715118
ES617,Málaga,2023,1752728
ES617,Málaga,2024,1774701
ES618,Sevilla,1990,1608175
ES618,Sevilla,1991,1618604
ES618,Sevilla,1992,1630285
ES618,Sevilla,1993,1642402
ES618,Sevilla,1994,1654190
ES618,Sevilla,1995,1665022
ES618,Sevilla,1996,1674366
ES618,Sevilla,1997,1683309
ES618,Sevilla,1998,1692688
ES618,Sevilla,1999,1700822
ES618,Sevilla,2000,1709062
ES618,Sevilla,2001,1718915
ES618,Sevilla,2002,1732694
ES618,Sevilla,2003,1748407
ES618,Sevilla,2004,1764496
ES618,Sevilla,2005,1785136
ES618,Sevilla,2006,1807975
ES618,Sevilla,2007,1831957
ES618,Sevilla,2008,1859551
ES618,Sevilla,2009,1884111
ES618,Sevilla,2010,1902954
ES618,Sevilla,2011,1918752
ES618,Sevilla,2012,1932574
ES618,Sevilla,2013,1935023
ES618,Sevilla,2014,1934058
ES618,Sevilla,2015,1935135
ES618,Sevilla,2016,1935590
ES618,Sevilla,2017,1936735
ES618,Sevilla,2018,1938007
ES618,Sevilla,2019,1941191
ES618,Sevilla,2020,1947848
ES618,Sevilla,2021,1950056
ES618,Sevilla,2022,1949560
ES618,Sevilla,2023,1959394
ES618,Sevilla,2024,1968624
ES620,Murcia,1990,1037838
ES620,Murcia,1991,1044764
ES620,Murcia,1992,1058075
ES620,Murcia,1993,1072937
ES620,Murcia,1994,1087209
ES620,Murcia,1995,1100679
ES620,Murcia,1996,1114394
ES620,Murcia,1997,1128146
ES620,Murcia,1998,1142030
ES620,Murcia,1999,1155675
ES620,Murcia,2000,1169114
ES620,Murcia,2001,1184118
ES620,Murcia,2002,1206614
ES620,Murcia,2003,1242626
ES620,Murcia,2004,1276816
ES620,Murcia,2005,1313496
ES620,Murcia,2006,1351106
ES620,Murcia,2007,1385717
ES620,Murcia,2008,1419563
ES620,Murcia,2009,1441787
ES620,Murcia,2010,1453543
ES620,Murcia,2011,1459075
ES620,Murcia,2012,1461925
ES620,Murcia,2013,1462271
ES620,Murcia,2014,1462734
ES620,Murcia,2015,1465195
ES620,Murcia,2016,1468367
ES620,Murcia,2017,1475275
ES620,Murcia,2018,1478718
ES620,Murcia,2019,1491312
ES620,Murcia,2020,1509077
ES620,Murcia,2021,1518279
ES620,Murcia,2022,1529662
ES620,Murcia,2023,1551692
ES620,Murcia,2024,1568492
ES630,Ceuta,1990,67466
ES630,Ceuta,1991,67610
ES630,Ceuta,1992,67981
ES630,Ceuta,1993,68449
ES630,Ceuta,1994,68957
ES630,Ceuta,1995,69318
ES630,Ceuta,1996,69735
ES630,Ceuta,1997,69990
ES630,Ceuta,1998,70311
ES630,Ceuta,1999,70547
ES630,Ceuta,2000,70855
ES630,Ceuta,2001,71183
ES630,Ceuta,2002,70868
ES630,Ceuta,2003,71109
ES630,Ceuta,2004,71538
ES630,Ceuta,2005,71977
ES630,Ceuta,2006,72807
ES630,Ceuta,2007,74161
ES630,Ceuta,2008,75250
ES630,Ceuta,2009,76927
ES630,Ceuta,2010,79294
ES630,Ceuta,2011,81621
ES630,Ceuta,2012,83845
ES630,Ceuta,2013,84487
ES630,Ceuta,2014,84562
ES630,Ceuta,2015,84561
ES630,Ceuta,2016,84558
ES630,Ceuta,2017,85005
ES630,Ceuta,2018,85327
ES630,Ceuta,2019,85087
ES630,Ceuta,2020,84502
ES630,Ceuta,2021,84071
ES630,Ceuta,2022,83054
ES630,Ceuta,2023,83052
ES630,Ceuta,2024,83179
ES640,Melilla,1990,56379
ES640,Melilla,1991,56605
ES640,Melilla,1992,57417
ES640,Melilla,1993,58528
ES640,Melilla,1994,59559
ES640,Melilla,1995,60450
ES640,Melilla,1996,61381
ES640,Melilla,1997,62267
ES640,Melilla,1998,63143
ES640,Melilla,1999,63989
ES640,Melilla,2000,64851
ES640,Melilla,2001,65725
ES640,Melilla,2002,65897
ES640,Melilla,2003,65387
ES640,Melilla,2004,64747
ES640,Melilla,2005,64910
ES640,Melilla,2006,67111
ES640,Melilla,2007,68967
ES640,Melilla,2008,71244
ES640,Melilla,2009,73365
ES640,Melilla,2010,76049
ES640,Melilla,2011,78866
ES640,Melilla,2012,81792
ES640,Melilla,2013,83669
ES640,Melilla,2014,84103
ES640,Melilla,2015,85009
ES640,Melilla,2016,85457
ES640,Melilla,2017,85918
ES640,Melilla,2018,86084
ES640,Melilla,2019,86373
ES640,Melilla,2020,86558
ES640,Melilla,2021,86450
ES640,Melilla,2022,84932
ES640,Melilla,2023,85493
ES640,Melilla,2024,85985
ES703,El Hierro,2002,8747
ES703,El Hierro,2003,9092
ES703,El Hierro,2004,9465
ES703,El Hierro,2005,9694
ES703,El Hierro,2006,9973
ES703,El Hierro,2007,10053
ES703,El Hierro,2008,10219
ES703,El Hierro,2009,10420
ES703,El Hierro,2010,10603
ES703,El Hierro,2011,10622
ES703,El Hierro,2012,10707
ES703,El Hierro,2013,10600
ES703,El Hierro,2014,10506
ES703,El Hierro,2015,10484
ES703,El Hierro,2016,10573
ES703,El Hierro,2017,10711
ES703,El Hierro,2018,10847
ES703,El Hierro,2019,10976
ES703,El Hierro,2020,11156
ES703,El Hierro,2021,11290
ES703,El Hierro,2022,11417
ES703,El Hierro,2023,11659
ES703,El Hierro,2024,11786
ES704,Fuerteventura,2002,60643
ES704,Fuerteventura,2003,65947
ES704,Fuerteventura,2004,72285
ES704,Fuerteventura,2005,78505
ES704,Fuerteventura,2006,84703
ES704,Fuerteventura,2007,90229
ES704,Fuerteventura,2008,94996
ES704,Fuerteventura,2009,97632
ES704,Fuerteventura,2010,98537
ES704,Fuerteventura,2011,100167
ES704,Fuerteventura,2012,103423
ES704,Fuerteventura,2013,105651
ES704,Fuerteventura,2014,106422
ES704,Fuerteventura,2015,108294
ES704,Fuerteventura,2016,109924
ES704,Fuerteventura,2017,112615
ES704,Fuerteventura,2018,115606
ES704,Fuerteventura,2019,119050
ES704,Fuerteventura,2020,122234
ES704,Fuerteventura,2021,119278
ES704,Fuerteventura,2022,119621
ES704,Fuerteventura,2023,124152
ES704,Fuerteventura,2024,126676
ES705,Gran Canaria,2002,734221
ES705,Gran Canaria,2003,749338
ES705,Gran Canaria,2004,761613
ES705,Gran Canaria,2005,773543
ES705,Gran Canaria,2006,785161
ES705,Gran Canaria,2007,798121
ES705,Gran Canaria,2008,811256
ES705,Gran Canaria,2009,822284
ES705,Gran Canaria,2010,831527
ES705,Gran Canaria,2011,839895
ES705,Gran Canaria,2012,847266
ES705,Gran Canaria,2013,850047
ES705,Gran Canaria,2014,848785
ES705,Gran Canaria,2015,848186
ES705,Gran Canaria,2016,847106
ES705,Gran Canaria,2017,847460
ES705,Gran Canaria,2018,848204
ES705,Gran Canaria,2019,851964
ES705,Gran Canaria,2020,854610
ES705,Gran Canaria,2021,856137
ES705,Gran Canaria,2022,858475
ES705,Gran Canaria,2023,862893
ES705,Gran Canaria,2024,869984
ES706,La Gomera,2002,18300
ES706,La Gomera,2003,19271
ES706,La Gomera,2004,20302
ES706,La Gomera,2005,20825
ES706,La Gomera,2006,21322
ES706,La Gomera,2007,21869
ES706,La Gomera,2008,22346
ES706,La Gomera,2009,22568
ES706,La Gomera,2010,22593
ES706,La Gomera,2011,22350
ES706,La Gomera,2012,21570
ES706,La Gomera,2013,21134
ES706,La Gomera,2014,20966
ES706,La Gomera,2015,20905
ES706,La Gomera,2016,20991
ES706,La Gomera,2017,21068
ES706,La Gomera,2018,21309
ES706,La Gomera,2019,21494
ES706,La Gomera,2020,21799
ES706,La Gomera,2021,21893
ES706,La Gomera,2022,22003
ES706,La Gomera,2023,22361
ES706,La Gomera,2024,22507
ES707,La Palma,2002,78821
ES707,La Palma,2003,79658
ES707,La Palma,2004,80430
ES707,La Palma,2005,80905
ES707,La Palma,2006,81514
ES707,La Palma,2007,82152
ES707,La Palma,2008,82767
ES707,La Palma,2009,83390
ES707,La Palma,2010,83620
ES707,La Palma,2011,83745
ES707,La Palma,2012,83845
ES707,La Palma,2013,83689
ES707,La Palma,2014,83118
ES707,La Palma,2015,82295
ES707,La Palma,2016,81720
ES707,La Palma,2017,81661
ES707,La Palma,2018,82245
ES707,La Palma,2019,82711
ES707,La Palma,2020,83539
ES707,La Palma,2021,83812
ES707,La Palma,2022,84006
ES707,La Palma,2023,84338
ES707,La Palma,2024,85382
ES708,Lanzarote,2002,97781
ES708,Lanzarote,2003,104284
ES708,Lanzarote,2004,109741
ES708,Lanzarote,2005,115879
ES708,Lanzarote,2006,121960
ES708,Lanzarote,2007,127860
ES708,Lanzarote,2008,133858
ES708,Lanzarote,2009,136449
ES708,Lanzarote,2010,136424
ES708,Lanzarote,2011,137019
ES708,Lanzarote,2012,138362
ES708,Lanzarote,2013,139177
ES708,Lanzarote,2014,139649
ES708,Lanzarote,2015,141098
ES708,Lanzarote,2016,142864
ES708,Lanzarote,2017,145504
ES708,Lanzarote,2018,148063
ES708,Lanzarote,2019,150672
ES708,Lanzarote,2020,154351
ES708,Lanzarote,2021,155944
ES708,Lanzarote,2022,155638
ES708,Lanzarote,2023,158798
ES708,Lanzarote,2024,163230
ES709,Tenerife,2002,705337
ES709,Tenerife,2003,728108
ES709,Tenerife,2004,750406
ES709,Tenerife,2005,773807
ES709,Tenerife,2006,794985
ES709,Tenerife,2007,815793
ES709,Tenerife,2008,836512
ES709,Tenerife,2009,852747
ES709,Tenerife,2010,861859
ES709,Tenerife,2011,871073
ES709,Tenerife,2012,880765
ES709,Tenerife,2013,886038
ES709,Tenerife,2014,888709
ES709,Tenerife,2015,890057
ES709,Tenerife,2016,890258
ES709,Tenerife,2017,896214
ES709,Tenerife,2018,905307
ES709,Tenerife,2019,916449
ES709,Tenerife,2020,928551
ES709,Tenerife,2021,930570
ES709,Tenerife,2022,934449
ES709,Tenerife,2023,948815
ES709,Tenerife,2024,959189
