cod_prov,NombreProvincia,year,PoblacionProvincial
15,A Coruña,1990,1100923.0
15,A Coruña,1991,1097943.0
15,A Coruña,1992,1098032.0
15,A Coruña,1993,1098871.0
15,A Coruña,1994,1099499.0
15,A Coruña,1995,1099299.0
15,A Coruña,1996,1098598.0
15,A Coruña,1997,1097600.0
15,A Coruña,1998,1097304.0
15,A Coruña,1999,1097014.0
15,A Coruña,2000,1096111.0
15,A Coruña,2001,1095881.0
15,A Coruña,2002,1096076.0
15,A Coruña,2003,1100951.0
15,A Coruña,2004,1104703.0
15,A Coruña,2005,1109964.0
15,A Coruña,2006,1115415.0
15,A Coruña,2007,1121341.0
15,A Coruña,2008,1128598.0
15,A Coruña,2009,1135281.0
15,A Coruña,2010,1138110.0
15,A Coruña,2011,1140071.0
15,A Coruña,2012,1141178.0
15,A Coruña,2013,1137890.0
15,A Coruña,2014,1132596.0
15,A Coruña,2015,1127596.0
15,A Coruña,2016,1123015.0
15,A Coruña,2017,1120302.0
15,A Coruña,2018,1120074.0
15,A Coruña,2019,1120432.0
15,A Coruña,2020,1121994.0
15,A Coruña,2021,1120501.0
15,A Coruña,2022,1119166.0
15,A Coruña,2023,1123884.0
15,A Coruña,2024,1128449.0
43,Tarragona,1990,342765.0
43,Tarragona,1991,342820.0
43,Tarragona,1992,344655.0
43,Tarragona,1993,347060.0
43,Tarragona,1994,349083.0
43,Tarragona,1995,351295.0
43,Tarragona,1996,353525.0
43,Tarragona,1997,355497.0
43,Tarragona,1998,357538.0
43,Tarragona,1999,359296.0
43,Tarragona,2000,361210.0
43,Tarragona,2001,363038.0
43,Tarragona,2002,365532.0
43,Tarragona,2003,370387.0
43,Tarragona,2004,374711.0
43,Tarragona,2005,379279.0
43,Tarragona,2006,383457.0
43,Tarragona,2007,389126.0
43,Tarragona,2008,394526.0
43,Tarragona,2009,397885.0
43,Tarragona,2010,399445.0
43,Tarragona,2011,400846.0
43,Tarragona,2012,401579.0
43,Tarragona,2013,399093.0
43,Tarragona,2014,396017.0
43,Tarragona,2015,394012.0
43,Tarragona,2016,391865.0
43,Tarragona,2017,390225.0
43,Tarragona,2018,388948.0
43,Tarragona,2019,387818.0
43,Tarragona,2020,387838.0
43,Tarragona,2021,386726.0
43,Tarragona,2022,385967.0
43,Tarragona,2023,387529.0
43,Tarragona,2024,389070.0
30,Murcia,1990,1278384.0
30,Murcia,1991,1290865.0
30,Murcia,1992,1306647.0
30,Murcia,1993,1323214.0
30,Murcia,1994,1338876.0
30,Murcia,1995,1354317.0
30,Murcia,1996,1369564.0
30,Murcia,1997,1384693.0
30,Murcia,1998,1399556.0
30,Murcia,1999,1414892.0
30,Murcia,2000,1430451.0
30,Murcia,2001,1447225.0
30,Murcia,2002,1478298.0
30,Murcia,2003,1542321.0
30,Murcia,2004,1602172.0
30,Murcia,2005,1661655.0
30,Murcia,2006,1713931.0
30,Murcia,2007,1766322.0
30,Murcia,2008,1817518.0
30,Murcia,2009,1836136.0
30,Murcia,2010,1840085.0
30,Murcia,2011,1844433.0
30,Murcia,2012,1853206.0
30,Murcia,2013,1852733.0
30,Murcia,2014,1848236.0
30,Murcia,2015,1838578.0
30,Murcia,2016,1837873.0
30,Murcia,2017,1836715.0
30,Murcia,2018,1839319.0
30,Murcia,2019,1855384.0
30,Murcia,2020,1877627.0
30,Murcia,2021,1887036.0
30,Murcia,2022,1907497.0
30,Murcia,2023,1955268.0
30,Murcia,2024,1993289.0
16,Cuenca,1990,450797.0
16,Cuenca,1991,454951.0
16,Cuenca,1992,462052.0
16,Cuenca,1993,470038.0
16,Cuenca,1994,477638.0
16,Cuenca,1995,485082.0
16,Cuenca,1996,492536.0
16,Cuenca,1997,499714.0
16,Cuenca,1998,507104.0
16,Cuenca,1999,514492.0
16,Cuenca,2000,522095.0
16,Cuenca,2001,529788.0
16,Cuenca,2002,545527.0
16,Cuenca,2003,560652.0
16,Cuenca,2004,577424.0
16,Cuenca,2005,603218.0
16,Cuenca,2006,627719.0
16,Cuenca,2007,642792.0
16,Cuenca,2008,659441.0
16,Cuenca,2009,673038.0
16,Cuenca,2010,680476.0
16,Cuenca,2011,686446.0
16,Cuenca,2012,689320.0
16,Cuenca,2013,692434.0
16,Cuenca,2014,690750.0
16,Cuenca,2015,694051.0
16,Cuenca,2016,700055.0
16,Cuenca,2017,704871.0
16,Cuenca,2018,707319.0
16,Cuenca,2019,714123.0
16,Cuenca,2020,724003.0
16,Cuenca,2021,730430.0
16,Cuenca,2022,739543.0
16,Cuenca,2023,753364.0
16,Cuenca,2024,760964.0
35,Las Palmas,1990,1102849.0
35,Las Palmas,1991,1095557.0
35,Las Palmas,1992,1092874.0
35,Las Palmas,1993,1091116.0
35,Las Palmas,1994,1088497.0
35,Las Palmas,1995,1086001.0
35,Las Palmas,1996,1082714.0
35,Las Palmas,1997,1079198.0
35,Las Palmas,1998,1076012.0
35,Las Palmas,1999,1072219.0
35,Las Palmas,2000,1068287.0
35,Las Palmas,2001,1064851.0
35,Las Palmas,2002,1062786.0
35,Las Palmas,2003,1062326.0
35,Las Palmas,2004,1062412.0
35,Las Palmas,2005,1062753.0
35,Las Palmas,2006,1063488.0
35,Las Palmas,2007,1065287.0
35,Las Palmas,2008,1071079.0
35,Las Palmas,2009,1076276.0
35,Las Palmas,2010,1077102.0
35,Las Palmas,2011,1075869.0
35,Las Palmas,2012,1074308.0
35,Las Palmas,2013,1067425.0
35,Las Palmas,2014,1058560.0
35,Las Palmas,2015,1049328.0
35,Las Palmas,2016,1040407.0
35,Las Palmas,2017,1033550.0
35,Las Palmas,2018,1027091.0
35,Las Palmas,2019,1021469.0
35,Las Palmas,2020,1018053.0
35,Las Palmas,2021,1012117.0
35,Las Palmas,2022,1004960.0
35,Las Palmas,2023,1006060.0
35,Las Palmas,2024,1009599.0
33,Asturias,1990,651354.0
33,Asturias,1991,650773.0
33,Asturias,1992,651683.0
33,Asturias,1993,653084.0
33,Asturias,1994,653910.0
33,Asturias,1995,654699.0
33,Asturias,1996,655090.0
33,Asturias,1997,655173.0
33,Asturias,1998,655270.0
33,Asturias,1999,655000.0
33,Asturias,2000,654684.0
33,Asturias,2001,654563.0
33,Asturias,2002,655020.0
33,Asturias,2003,656226.0
33,Asturias,2004,659637.0
33,Asturias,2005,664411.0
33,Asturias,2006,668518.0
33,Asturias,2007,674170.0
33,Asturias,2008,680677.0
33,Asturias,2009,684390.0
33,Asturias,2010,687744.0
33,Asturias,2011,689902.0
33,Asturias,2012,691832.0
33,Asturias,2013,690889.0
33,Asturias,2014,688697.0
33,Asturias,2015,686250.0
33,Asturias,2016,682970.0
33,Asturias,2017,679042.0
33,Asturias,2018,675742.0
33,Asturias,2019,673384.0
33,Asturias,2020,672045.0
33,Asturias,2021,671092.0
33,Asturias,2022,667851.0
33,Asturias,2023,666049.0
33,Asturias,2024,666029.0
36,Pontevedra,1990,4665449.0
36,Pontevedra,1991,4657121.0
36,Pontevedra,1992,4666998.0
36,Pontevedra,1993,4682089.0
36,Pontevedra,1994,4695395.0
36,Pontevedra,1995,4708424.0
36,Pontevedra,1996,4720115.0
36,Pontevedra,1997,4732286.0
36,Pontevedra,1998,4745349.0
36,Pontevedra,1999,4757760.0
36,Pontevedra,2000,4771151.0
36,Pontevedra,2001,4789261.0
36,Pontevedra,2002,4835593.0
36,Pontevedra,2003,4956066.0
36,Pontevedra,2004,5052814.0
36,Pontevedra,2005,5143474.0
36,Pontevedra,2006,5221841.0
36,Pontevedra,2007,5297172.0
36,Pontevedra,2008,5387705.0
36,Pontevedra,2009,5465835.0
36,Pontevedra,2010,5488633.0
36,Pontevedra,2011,5505667.0
36,Pontevedra,2012,5518280.0
36,Pontevedra,2013,5500080.0
36,Pontevedra,2014,5459762.0
36,Pontevedra,2015,5453143.0
36,Pontevedra,2016,5472926.0
36,Pontevedra,2017,5507412.0
36,Pontevedra,2018,5556273.0
36,Pontevedra,2019,5622704.0
36,Pontevedra,2020,5690371.0
36,Pontevedra,2021,5702262.0
36,Pontevedra,2022,5699634.0
36,Pontevedra,2023,5797356.0
36,Pontevedra,2024,5877672.0
37,Salamanca,1990,1163966.0
37,Salamanca,1991,1156661.0
37,Salamanca,1992,1153329.0
37,Salamanca,1993,1150915.0
37,Salamanca,1994,1147961.0
37,Salamanca,1995,1144857.0
37,Salamanca,1996,1141092.0
37,Salamanca,1997,1137442.0
37,Salamanca,1998,1134219.0
37,Salamanca,1999,1130621.0
37,Salamanca,2000,1127444.0
37,Salamanca,2001,1124445.0
37,Salamanca,2002,1122658.0
37,Salamanca,2003,1125120.0
37,Salamanca,2004,1128052.0
37,Salamanca,2005,1132164.0
37,Salamanca,2006,1136775.0
37,Salamanca,2007,1142684.0
37,Salamanca,2008,1149080.0
37,Salamanca,2009,1154627.0
37,Salamanca,2010,1155814.0
37,Salamanca,2011,1156033.0
37,Salamanca,2012,1155710.0
37,Salamanca,2013,1150032.0
37,Salamanca,2014,1143121.0
37,Salamanca,2015,1141400.0
37,Salamanca,2016,1140191.0
37,Salamanca,2017,1141564.0
37,Salamanca,2018,1143742.0
37,Salamanca,2019,1147589.0
37,Salamanca,2020,1154696.0
37,Salamanca,2021,1153635.0
37,Salamanca,2022,1148678.0
37,Salamanca,2023,1153282.0
37,Salamanca,2024,1159368.0
24,León,1990,355311.0
24,León,1991,353243.0
24,León,1992,352680.0
24,León,1993,352605.0
24,León,1994,352377.0
24,León,1995,352065.0
24,León,1996,351479.0
24,León,1997,350988.0
24,León,1998,350549.0
24,León,1999,349933.0
24,León,2000,349386.0
24,León,2001,349104.0
24,León,2002,349279.0
24,León,2003,352082.0
24,León,2004,354226.0
24,León,2005,357693.0
24,León,2006,360700.0
24,León,2007,365307.0
24,León,2008,372563.0
24,León,2009,374813.0
24,León,2010,374009.0
24,León,2011,373245.0
24,León,2012,372192.0
24,León,2013,368784.0
24,León,2014,365542.0
24,León,2015,363328.0
24,León,2016,360572.0
24,León,2017,358416.0
24,León,2018,357165.0
24,León,2019,356607.0
24,León,2020,357121.0
24,León,2021,356042.0
24,León,2022,354846.0
24,León,2023,357370.0
24,León,2024,359740.0
19,Guadalajara,1990,527688.0
19,Guadalajara,1991,527567.0
19,Guadalajara,1992,528528.0
19,Guadalajara,1993,529686.0
19,Guadalajara,1994,530550.0
19,Guadalajara,1995,531185.0
19,Guadalajara,1996,531601.0
19,Guadalajara,1997,531994.0
19,Guadalajara,1998,532564.0
19,Guadalajara,1999,532996.0
19,Guadalajara,2000,533417.0
19,Guadalajara,2001,534231.0
19,Guadalajara,2002,536286.0
19,Guadalajara,2003,541651.0
19,Guadalajara,2004,548014.0
19,Guadalajara,2005,554688.0
19,Guadalajara,2006,561042.0
19,Guadalajara,2007,568196.0
19,Guadalajara,2008,577267.0
19,Guadalajara,2009,584657.0
19,Guadalajara,2010,588512.0
19,Guadalajara,2011,590867.0
19,Guadalajara,2012,592383.0
19,Guadalajara,2013,589789.0
19,Guadalajara,2014,587491.0
19,Guadalajara,2015,585184.0
19,Guadalajara,2016,582494.0
19,Guadalajara,2017,581421.0
19,Guadalajara,2018,581533.0
19,Guadalajara,2019,581989.0
19,Guadalajara,2020,583011.0
19,Guadalajara,2021,584708.0
19,Guadalajara,2022,585451.0
19,Guadalajara,2023,588387.0
19,Guadalajara,2024,590851.0
45,Toledo,1990,446158.0
45,Toledo,1991,446767.0
45,Toledo,1992,449589.0
45,Toledo,1993,453154.0
45,Toledo,1994,456687.0
45,Toledo,1995,459972.0
45,Toledo,1996,463355.0
45,Toledo,1997,466654.0
45,Toledo,1998,470082.0
45,Toledo,1999,473504.0
45,Toledo,2000,477024.0
45,Toledo,2001,480957.0
45,Toledo,2002,487552.0
45,Toledo,2003,504095.0
45,Toledo,2004,518174.0
45,Toledo,2005,533626.0
45,Toledo,2006,548370.0
45,Toledo,2007,567547.0
45,Toledo,2008,588013.0
45,Toledo,2009,594743.0
45,Toledo,2010,595852.0
45,Toledo,2011,595565.0
45,Toledo,2012,593926.0
45,Toledo,2013,586696.0
45,Toledo,2014,580349.0
45,Toledo,2015,577738.0
45,Toledo,2016,575546.0
45,Toledo,2017,575433.0
45,Toledo,2018,576342.0
45,Toledo,2019,579592.0
45,Toledo,2020,584201.0
45,Toledo,2021,587632.0
45,Toledo,2022,591303.0
45,Toledo,2023,604086.0
45,Toledo,2024,615188.0
01,Álava,1990,67466.0
01,Álava,1991,67610.0
01,Álava,1992,67981.0
01,Álava,1993,68449.0
01,Álava,1994,68957.0
01,Álava,1995,69318.0
01,Álava,1996,69735.0
01,Álava,1997,69990.0
01,Álava,1998,70311.0
01,Álava,1999,70547.0
01,Álava,2000,70855.0
01,Álava,2001,71183.0
01,Álava,2002,70868.0
01,Álava,2003,71109.0
01,Álava,2004,71538.0
01,Álava,2005,71977.0
01,Álava,2006,72807.0
01,Álava,2007,74161.0
01,Álava,2008,75250.0
01,Álava,2009,76927.0
01,Álava,2010,79294.0
01,Álava,2011,81621.0
01,Álava,2012,83845.0
01,Álava,2013,84487.0
01,Álava,2014,84562.0
01,Álava,2015,84561.0
01,Álava,2016,84558.0
01,Álava,2017,85005.0
01,Álava,2018,85327.0
01,Álava,2019,85087.0
01,Álava,2020,84502.0
01,Álava,2021,84071.0
01,Álava,2022,83054.0
01,Álava,2023,83052.0
01,Álava,2024,83179.0
46,Valencia,1990,476600.0
46,Valencia,1991,475825.0
46,Valencia,1992,476375.0
46,Valencia,1993,477519.0
46,Valencia,1994,478296.0
46,Valencia,1995,478996.0
46,Valencia,1996,479413.0
46,Valencia,1997,479496.0
46,Valencia,1998,479722.0
46,Valencia,1999,479467.0
46,Valencia,2000,479077.0
46,Valencia,2001,478993.0
46,Valencia,2002,479143.0
46,Valencia,2003,483315.0
46,Valencia,2004,488060.0
46,Valencia,2005,494024.0
46,Valencia,2006,500922.0
46,Valencia,2007,509226.0
46,Valencia,2008,519760.0
46,Valencia,2009,523971.0
46,Valencia,2010,525454.0
46,Valencia,2011,526171.0
46,Valencia,2012,526292.0
46,Valencia,2013,522634.0
46,Valencia,2014,518032.0
46,Valencia,2015,514152.0
46,Valencia,2016,508629.0
46,Valencia,2017,504403.0
46,Valencia,2018,499168.0
46,Valencia,2019,495686.0
46,Valencia,2020,494817.0
46,Valencia,2021,492900.0
46,Valencia,2022,490952.0
46,Valencia,2023,491927.0
46,Valencia,2024,492948.0
34,Palencia,1990,206574.0
34,Palencia,1991,205482.0
34,Palencia,1992,205047.0
34,Palencia,1993,204878.0
34,Palencia,1994,204540.0
34,Palencia,1995,203960.0
34,Palencia,1996,203439.0
34,Palencia,1997,202868.0
34,Palencia,1998,202335.0
34,Palencia,1999,201715.0
34,Palencia,2000,201141.0
34,Palencia,2001,200699.0
34,Palencia,2002,199657.0
34,Palencia,2003,201190.0
34,Palencia,2004,203138.0
34,Palencia,2005,205791.0
34,Palencia,2006,208119.0
34,Palencia,2007,211117.0
34,Palencia,2008,214904.0
34,Palencia,2009,216438.0
34,Palencia,2010,216608.0
34,Palencia,2011,216370.0
34,Palencia,2012,214752.0
34,Palencia,2013,211356.0
34,Palencia,2014,208031.0
34,Palencia,2015,205664.0
34,Palencia,2016,202864.0
34,Palencia,2017,200531.0
34,Palencia,2018,198922.0
34,Palencia,2019,197617.0
34,Palencia,2020,197537.0
34,Palencia,2021,196510.0
34,Palencia,2022,196640.0
34,Palencia,2023,198436.0
34,Palencia,2024,199025.0
50,Zaragoza,1990,413904.0
50,Zaragoza,1991,411968.0
50,Zaragoza,1992,411429.0
50,Zaragoza,1993,411301.0
50,Zaragoza,1994,410866.0
50,Zaragoza,1995,410377.0
50,Zaragoza,1996,409610.0
50,Zaragoza,1997,408709.0
50,Zaragoza,1998,407710.0
50,Zaragoza,1999,406607.0
50,Zaragoza,2000,405346.0
50,Zaragoza,2001,404448.0
50,Zaragoza,2002,402770.0
50,Zaragoza,2003,404125.0
50,Zaragoza,2004,404737.0
50,Zaragoza,2005,405685.0
50,Zaragoza,2006,406419.0
50,Zaragoza,2007,407702.0
50,Zaragoza,2008,408978.0
50,Zaragoza,2009,410303.0
50,Zaragoza,2010,411866.0
50,Zaragoza,2011,412397.0
50,Zaragoza,2012,412504.0
50,Zaragoza,2013,410135.0
50,Zaragoza,2014,408011.0
50,Zaragoza,2015,405967.0
50,Zaragoza,2016,403183.0
50,Zaragoza,2017,400066.0
50,Zaragoza,2018,396979.0
50,Zaragoza,2019,394541.0
50,Zaragoza,2020,392925.0
50,Zaragoza,2021,390544.0
50,Zaragoza,2022,388957.0
50,Zaragoza,2023,388257.0
50,Zaragoza,2024,388652.0
31,Navarra,1990,1072552.0
31,Navarra,1991,1077946.0
31,Navarra,1992,1083179.0
31,Navarra,1993,1088511.0
31,Navarra,1994,1093138.0
31,Navarra,1995,1097121.0
31,Navarra,1996,1100126.0
31,Navarra,1997,1102546.0
31,Navarra,1998,1105356.0
31,Navarra,1999,1107745.0
31,Navarra,2000,1110116.0
31,Navarra,2001,1113137.0
31,Navarra,2002,1118779.0
31,Navarra,2003,1130551.0
31,Navarra,2004,1144134.0
31,Navarra,2005,1160688.0
31,Navarra,2006,1176672.0
31,Navarra,2007,1193630.0
31,Navarra,2008,1209073.0
31,Navarra,2009,1221028.0
31,Navarra,2010,1229837.0
31,Navarra,2011,1238919.0
31,Navarra,2012,1245360.0
31,Navarra,2013,1246384.0
31,Navarra,2014,1245504.0
31,Navarra,2015,1245567.0
31,Navarra,2016,1244475.0
31,Navarra,2017,1244090.0
31,Navarra,2018,1243737.0
31,Navarra,2019,1243186.0
31,Navarra,2020,1247160.0
31,Navarra,2021,1249873.0
31,Navarra,2022,1250545.0
31,Navarra,2023,1254866.0
31,Navarra,2024,1258730.0
23,Jaén,1990,751858.0
23,Jaén,1991,754226.0
23,Jaén,1992,756192.0
23,Jaén,1993,758559.0
23,Jaén,1994,760073.0
23,Jaén,1995,761142.0
23,Jaén,1996,761366.0
23,Jaén,1997,761586.0
23,Jaén,1998,761797.0
23,Jaén,1999,761497.0
23,Jaén,2000,761244.0
23,Jaén,2001,761339.0
23,Jaén,2002,762178.0
23,Jaén,2003,766012.0
23,Jaén,2004,770523.0
23,Jaén,2005,775834.0
23,Jaén,2006,780677.0
23,Jaén,2007,786383.0
23,Jaén,2008,792683.0
23,Jaén,2009,797327.0
23,Jaén,2010,799765.0
23,Jaén,2011,801787.0
23,Jaén,2012,802719.0
23,Jaén,2013,799934.0
23,Jaén,2014,796830.0
23,Jaén,2015,794359.0
23,Jaén,2016,790749.0
23,Jaén,2017,787735.0
23,Jaén,2018,784079.0
23,Jaén,2019,780982.0
23,Jaén,2020,780825.0
23,Jaén,2021,777622.0
23,Jaén,2022,775111.0
23,Jaén,2023,775002.0
23,Jaén,2024,774313.0
42,Soria,1990,680881.0
42,Soria,1991,677245.0
42,Soria,1992,676263.0
42,Soria,1993,676075.0
42,Soria,1994,675783.0
42,Soria,1995,675295.0
42,Soria,1996,674868.0
42,Soria,1997,674324.0
42,Soria,1998,674135.0
42,Soria,1999,673606.0
42,Soria,2000,673296.0
42,Soria,2001,673328.0
42,Soria,2002,673592.0
42,Soria,2003,676777.0
42,Soria,2004,680750.0
42,Soria,2005,684264.0
42,Soria,2006,688423.0
42,Soria,2007,693436.0
42,Soria,2008,699395.0
42,Soria,2009,704166.0
42,Soria,2010,705974.0
42,Soria,2011,707256.0
42,Soria,2012,708422.0
42,Soria,2013,709043.0
42,Soria,2014,708675.0
42,Soria,2015,709766.0
42,Soria,2016,711261.0
42,Soria,2017,713130.0
42,Soria,2018,715749.0
42,Soria,2019,719613.0
42,Soria,2020,724347.0
42,Soria,2021,725508.0
42,Soria,2022,723241.0
42,Soria,2023,726712.0
42,Soria,2024,729722.0
25,Lleida,1990,505207.0
25,Lleida,1991,509055.0
25,Lleida,1992,514118.0
25,Lleida,1993,519562.0
25,Lleida,1994,524841.0
25,Lleida,1995,530001.0
25,Lleida,1996,534799.0
25,Lleida,1997,539838.0
25,Lleida,1998,544948.0
25,Lleida,1999,550090.0
25,Lleida,2000,555090.0
25,Lleida,2001,560709.0
25,Lleida,2002,568690.0
25,Lleida,2003,593084.0
25,Lleida,2004,618292.0
25,Lleida,2005,645158.0
25,Lleida,2006,668910.0
25,Lleida,2007,694216.0
25,Lleida,2008,719745.0
25,Lleida,2009,735862.0
25,Lleida,2010,741848.0
25,Lleida,2011,747041.0
25,Lleida,2012,751596.0
25,Lleida,2013,750022.0
25,Lleida,2014,745189.0
25,Lleida,2015,743431.0
25,Lleida,2016,745797.0
25,Lleida,2017,750468.0
25,Lleida,2018,756522.0
25,Lleida,2019,765476.0
25,Lleida,2020,776698.0
25,Lleida,2021,784941.0
25,Lleida,2022,790435.0
25,Lleida,2023,808672.0
25,Lleida,2024,821108.0
10,Cáceres,1990,789020.0
10,Cáceres,1991,791211.0
10,Cáceres,1992,794234.0
10,Cáceres,1993,798388.0
10,Cáceres,1994,801903.0
10,Cáceres,1995,805020.0
10,Cáceres,1996,808192.0
10,Cáceres,1997,810747.0
10,Cáceres,1998,813211.0
10,Cáceres,1999,814980.0
10,Cáceres,2000,816663.0
10,Cáceres,2001,819049.0
10,Cáceres,2002,821896.0
10,Cáceres,2003,831318.0
10,Cáceres,2004,842810.0
10,Cáceres,2005,856428.0
10,Cáceres,2006,871598.0
10,Cáceres,2007,885032.0
10,Cáceres,2008,900260.0
10,Cáceres,2009,909104.0
10,Cáceres,2010,915318.0
10,Cáceres,2011,919882.0
10,Cáceres,2012,922463.0
10,Cáceres,2013,921509.0
10,Cáceres,2014,919381.0
10,Cáceres,2015,917546.0
10,Cáceres,2016,915706.0
10,Cáceres,2017,914780.0
10,Cáceres,2018,915140.0
10,Cáceres,2019,916879.0
10,Cáceres,2020,921966.0
10,Cáceres,2021,925046.0
10,Cáceres,2022,926021.0
10,Cáceres,2023,934072.0
10,Cáceres,2024,939741.0
17,Girona,1990,145707.0
17,Girona,1991,145632.0
17,Girona,1992,147693.0
17,Girona,1993,150334.0
17,Girona,1994,152866.0
17,Girona,1995,155407.0
17,Girona,1996,158084.0
17,Girona,1997,160754.0
17,Girona,1998,163532.0
17,Girona,1999,166250.0
17,Girona,2000,169171.0
17,Girona,2001,172325.0
17,Girona,2002,175767.0
17,Girona,2003,183883.0
17,Girona,2004,193135.0
17,Girona,2005,202528.0
17,Girona,2006,213164.0
17,Girona,2007,225046.0
17,Girona,2008,237363.0
17,Girona,2009,245399.0
17,Girona,2010,250526.0
17,Girona,2011,254660.0
17,Girona,2012,257732.0
17,Girona,2013,256825.0
17,Girona,2014,255075.0
17,Girona,2015,254458.0
17,Girona,2016,254191.0
17,Girona,2017,255242.0
17,Girona,2018,256247.0
17,Girona,2019,259266.0
17,Girona,2020,262985.0
17,Girona,2021,265969.0
17,Girona,2022,268412.0
17,Girona,2023,275082.0
17,Girona,2024,280225.0
20,Gipuzkoa,1990,441349.0
20,Gipuzkoa,1991,443256.0
20,Gipuzkoa,1992,445201.0
20,Gipuzkoa,1993,447380.0
20,Gipuzkoa,1994,449406.0
20,Gipuzkoa,1995,451167.0
20,Gipuzkoa,1996,452935.0
20,Gipuzkoa,1997,454387.0
20,Gipuzkoa,1998,455895.0
20,Gipuzkoa,1999,457242.0
20,Gipuzkoa,2000,458851.0
20,Gipuzkoa,2001,460686.0
20,Gipuzkoa,2002,463860.0
20,Gipuzkoa,2003,468680.0
20,Gipuzkoa,2004,473453.0
20,Gipuzkoa,2005,479905.0
20,Gipuzkoa,2006,488530.0
20,Gipuzkoa,2007,495171.0
20,Gipuzkoa,2008,505033.0
20,Gipuzkoa,2009,510271.0
20,Gipuzkoa,2010,514631.0
20,Gipuzkoa,2011,517888.0
20,Gipuzkoa,2012,519980.0
20,Gipuzkoa,2013,520327.0
20,Gipuzkoa,2014,520453.0
20,Gipuzkoa,2015,520840.0
20,Gipuzkoa,2016,520086.0
20,Gipuzkoa,2017,519144.0
20,Gipuzkoa,2018,520445.0
20,Gipuzkoa,2019,522138.0
20,Gipuzkoa,2020,525333.0
20,Gipuzkoa,2021,527254.0
20,Gipuzkoa,2022,531096.0
20,Gipuzkoa,2023,534084.0
20,Gipuzkoa,2024,535734.0
48,Bizkaia,1990,209082.0
48,Bizkaia,1991,208060.0
48,Bizkaia,1992,207926.0
48,Bizkaia,1993,208176.0
48,Bizkaia,1994,208097.0
48,Bizkaia,1995,208034.0
48,Bizkaia,1996,207809.0
48,Bizkaia,1997,207472.0
48,Bizkaia,1998,207220.0
48,Bizkaia,1999,206937.0
48,Bizkaia,2000,206587.0
48,Bizkaia,2001,206479.0
48,Bizkaia,2002,206700.0
48,Bizkaia,2003,209450.0
48,Bizkaia,2004,211734.0
48,Bizkaia,2005,214544.0
48,Bizkaia,2006,217243.0
48,Bizkaia,2007,220095.0
48,Bizkaia,2008,224405.0
48,Bizkaia,2009,226772.0
48,Bizkaia,2010,226785.0
48,Bizkaia,2011,226597.0
48,Bizkaia,2012,225833.0
48,Bizkaia,2013,224776.0
48,Bizkaia,2014,223702.0
48,Bizkaia,2015,222677.0
48,Bizkaia,2016,221495.0
48,Bizkaia,2017,220749.0
48,Bizkaia,2018,220653.0
48,Bizkaia,2019,220996.0
48,Bizkaia,2020,222767.0
48,Bizkaia,2021,223995.0
48,Bizkaia,2022,225199.0
48,Bizkaia,2023,226878.0
48,Bizkaia,2024,228519.0
38,Santa Cruz de Tenerife,1990,845128.0
38,Santa Cruz de Tenerife,1991,845128.0
38,Santa Cruz de Tenerife,1992,845128.0
38,Santa Cruz de Tenerife,1993,845128.0
38,Santa Cruz de Tenerife,1994,845128.0
38,Santa Cruz de Tenerife,1995,845128.0
38,Santa Cruz de Tenerife,1996,845128.0
38,Santa Cruz de Tenerife,1997,845128.0
38,Santa Cruz de Tenerife,1998,845128.0
38,Santa Cruz de Tenerife,1999,845128.0
38,Santa Cruz de Tenerife,2000,845128.0
38,Santa Cruz de Tenerife,2001,845128.0
38,Santa Cruz de Tenerife,2002,845128.0
38,Santa Cruz de Tenerife,2003,883409.0
38,Santa Cruz de Tenerife,2004,912965.0
38,Santa Cruz de Tenerife,2005,940121.0
38,Santa Cruz de Tenerife,2006,970294.0
38,Santa Cruz de Tenerife,2007,1005181.0
38,Santa Cruz de Tenerife,2008,1042857.0
38,Santa Cruz de Tenerife,2009,1070167.0
38,Santa Cruz de Tenerife,2010,1083679.0
38,Santa Cruz de Tenerife,2011,1091664.0
38,Santa Cruz de Tenerife,2012,1100715.0
38,Santa Cruz de Tenerife,2013,1105131.0
38,Santa Cruz de Tenerife,2014,1106617.0
38,Santa Cruz de Tenerife,2015,1111002.0
38,Santa Cruz de Tenerife,2016,1117353.0
38,Santa Cruz de Tenerife,2017,1128492.0
38,Santa Cruz de Tenerife,2018,1141233.0
38,Santa Cruz de Tenerife,2019,1157928.0
38,Santa Cruz de Tenerife,2020,1176816.0
38,Santa Cruz de Tenerife,2021,1183415.0
38,Santa Cruz de Tenerife,2022,1187043.0
38,Santa Cruz de Tenerife,2023,1209906.0
38,Santa Cruz de Tenerife,2024,1231768.0
27,Lugo,1990,639381.0
27,Lugo,1991,638032.0
27,Lugo,1992,639218.0
27,Lugo,1993,641025.0
27,Lugo,1994,642685.0
27,Lugo,1995,643765.0
27,Lugo,1996,644464.0
27,Lugo,1997,644743.0
27,Lugo,1998,644867.0
27,Lugo,1999,644390.0
27,Lugo,2000,644275.0
27,Lugo,2001,644054.0
27,Lugo,2002,643828.0
27,Lugo,2003,646841.0
27,Lugo,2004,649929.0
27,Lugo,2005,653773.0
27,Lugo,2006,656534.0
27,Lugo,2007,659844.0
27,Lugo,2008,663525.0
27,Lugo,2009,665195.0
27,Lugo,2010,666362.0
27,Lugo,2011,667060.0
27,Lugo,2012,667264.0
27,Lugo,2013,661647.0
27,Lugo,2014,656162.0
27,Lugo,2015,652317.0
27,Lugo,2016,647007.0
27,Lugo,2017,642515.0
27,Lugo,2018,637669.0
27,Lugo,2019,633375.0
27,Lugo,2020,630524.0
27,Lugo,2021,627568.0
27,Lugo,2022,624191.0
27,Lugo,2023,620637.0
27,Lugo,2024,619055.0
44,Teruel,1990,263021.0
44,Teruel,1991,263376.0
44,Teruel,1992,264477.0
44,Teruel,1993,265665.0
44,Teruel,1994,266807.0
44,Teruel,1995,268055.0
44,Teruel,1996,269078.0
44,Teruel,1997,270184.0
44,Teruel,1998,271423.0
44,Teruel,1999,272665.0
44,Teruel,2000,273828.0
44,Teruel,2001,275313.0
44,Teruel,2002,277989.0
44,Teruel,2003,284607.0
44,Teruel,2004,291082.0
44,Teruel,2005,298045.0
44,Teruel,2006,302703.0
44,Teruel,2007,308117.0
44,Teruel,2008,316197.0
44,Teruel,2009,319788.0
44,Teruel,2010,319934.0
44,Teruel,2011,320858.0
44,Teruel,2012,320951.0
44,Teruel,2013,318819.0
44,Teruel,2014,315736.0
44,Teruel,2015,314457.0
44,Teruel,2016,314025.0
44,Teruel,2017,314136.0
44,Teruel,2018,314890.0
44,Teruel,2019,315967.0
44,Teruel,2020,318703.0
44,Teruel,2021,319444.0
44,Teruel,2022,319617.0
44,Teruel,2023,322282.0
44,Teruel,2024,324184.0
47,Valladolid,1990,892645.0
47,Valladolid,1991,892645.0
47,Valladolid,1992,892645.0
47,Valladolid,1993,892645.0
47,Valladolid,1994,892645.0
47,Valladolid,1995,892645.0
47,Valladolid,1996,892645.0
47,Valladolid,1997,892645.0
47,Valladolid,1998,892645.0
47,Valladolid,1999,892645.0
47,Valladolid,2000,892645.0
47,Valladolid,2001,892645.0
47,Valladolid,2002,892645.0
47,Valladolid,2003,919569.0
47,Valladolid,2004,943639.0
47,Valladolid,2005,967927.0
47,Valladolid,2006,991824.0
47,Valladolid,2007,1016210.0
47,Valladolid,2008,1040110.0
47,Valladolid,2009,1056365.0
47,Valladolid,2010,1066488.0
47,Valladolid,2011,1077081.0
47,Valladolid,2012,1089051.0
47,Valladolid,2013,1094875.0
47,Valladolid,2014,1094856.0
47,Valladolid,2015,1097578.0
47,Valladolid,2016,1099894.0
47,Valladolid,2017,1105579.0
47,Valladolid,2018,1111873.0
47,Valladolid,2019,1121686.0
47,Valladolid,2020,1131195.0
47,Valladolid,2021,1131359.0
47,Valladolid,2022,1133734.0
47,Valladolid,2023,1145843.0
47,Valladolid,2024,1159890.0
12,Castellón,1990,527374.0
12,Castellón,1991,526204.0
12,Castellón,1992,523702.0
12,Castellón,1993,520815.0
12,Castellón,1994,517603.0
12,Castellón,1995,514191.0
12,Castellón,1996,510673.0
12,Castellón,1997,507024.0
12,Castellón,1998,503601.0
12,Castellón,1999,499736.0
12,Castellón,2000,495743.0
12,Castellón,2001,491873.0
12,Castellón,2002,487510.0
12,Castellón,2003,487393.0
12,Castellón,2004,487072.0
12,Castellón,2005,487438.0
12,Castellón,2006,488534.0
12,Castellón,2007,491131.0
12,Castellón,2008,493934.0
12,Castellón,2009,495042.0
12,Castellón,2010,494830.0
12,Castellón,2011,494216.0
12,Castellón,2012,492827.0
12,Castellón,2013,488756.0
12,Castellón,2014,483681.0
12,Castellón,2015,479104.0
12,Castellón,2016,473574.0
12,Castellón,2017,468637.0
12,Castellón,2018,464276.0
12,Castellón,2019,460247.0
12,Castellón,2020,456697.0
12,Castellón,2021,452435.0
12,Castellón,2022,449271.0
12,Castellón,2023,448573.0
12,Castellón,2024,447802.0
22,Huesca,1990,354142.0
22,Huesca,1991,353595.0
22,Huesca,1992,354161.0
22,Huesca,1993,355225.0
22,Huesca,1994,356210.0
22,Huesca,1995,356854.0
22,Huesca,1996,357448.0
22,Huesca,1997,358127.0
22,Huesca,1998,358745.0
22,Huesca,1999,359318.0
22,Huesca,2000,360040.0
22,Huesca,2001,361078.0
22,Huesca,2002,363182.0
22,Huesca,2003,371137.0
22,Huesca,2004,380552.0
22,Huesca,2005,392915.0
22,Huesca,2006,401661.0
22,Huesca,2007,411142.0
22,Huesca,2008,423482.0
22,Huesca,2009,431413.0
22,Huesca,2010,434183.0
22,Huesca,2011,436695.0
22,Huesca,2012,438215.0
22,Huesca,2013,435838.0
22,Huesca,2014,432397.0
22,Huesca,2015,431044.0
22,Huesca,2016,429806.0
22,Huesca,2017,429821.0
22,Huesca,2018,430650.0
22,Huesca,2019,432917.0
22,Huesca,2020,437508.0
22,Huesca,2021,439258.0
22,Huesca,2022,440884.0
22,Huesca,2023,447343.0
22,Huesca,2024,451707.0
52,Melilla,1990,388367.0
52,Melilla,1991,385194.0
52,Melilla,1992,382791.0
52,Melilla,1993,380684.0
52,Melilla,1994,378744.0
52,Melilla,1995,376501.0
52,Melilla,1996,373816.0
52,Melilla,1997,370966.0
52,Melilla,1998,368221.0
52,Melilla,1999,365543.0
52,Melilla,2000,362565.0
52,Melilla,2001,359818.0
52,Melilla,2002,357301.0
52,Melilla,2003,355698.0
52,Melilla,2004,354343.0
52,Melilla,2005,353357.0
52,Melilla,2006,352620.0
52,Melilla,2007,352245.0
52,Melilla,2008,352638.0
52,Melilla,2009,352326.0
52,Melilla,2010,351000.0
52,Melilla,2011,349523.0
52,Melilla,2012,347630.0
52,Melilla,2013,344603.0
52,Melilla,2014,341495.0
52,Melilla,2015,338430.0
52,Melilla,2016,335752.0
52,Melilla,2017,333152.0
52,Melilla,2018,331128.0
52,Melilla,2019,329070.0
52,Melilla,2020,327573.0
52,Melilla,2021,326068.0
52,Melilla,2022,324240.0
52,Melilla,2023,324267.0
52,Melilla,2024,325048.0
07,Islas Baleares,1990,4937156.0
07,Islas Baleares,1991,4947735.0
07,Islas Baleares,1992,4984663.0
07,Islas Baleares,1993,5030383.0
07,Islas Baleares,1994,5074384.0
07,Islas Baleares,1995,5116658.0
07,Islas Baleares,1996,5157603.0
07,Islas Baleares,1997,5198753.0
07,Islas Baleares,1998,5242444.0
07,Islas Baleares,1999,5284618.0
07,Islas Baleares,2000,5329606.0
07,Islas Baleares,2001,5379087.0
07,Islas Baleares,2002,5478611.0
07,Islas Baleares,2003,5638804.0
07,Islas Baleares,2004,5766554.0
07,Islas Baleares,2005,5866219.0
07,Islas Baleares,2006,5953546.0
07,Islas Baleares,2007,6075013.0
07,Islas Baleares,2008,6226185.0
07,Islas Baleares,2009,6327559.0
07,Islas Baleares,2010,6373546.0
07,Islas Baleares,2011,6394252.0
07,Islas Baleares,2012,6425522.0
07,Islas Baleares,2013,6411525.0
07,Islas Baleares,2014,6372553.0
07,Islas Baleares,2015,6375737.0
07,Islas Baleares,2016,6411466.0
07,Islas Baleares,2017,6459297.0
07,Islas Baleares,2018,6529923.0
07,Islas Baleares,2019,6618078.0
07,Islas Baleares,2020,6720310.0
07,Islas Baleares,2021,6726640.0
07,Islas Baleares,2022,6743273.0
07,Islas Baleares,2023,6871903.0
07,Islas Baleares,2024,7009268.0
21,Huelva,1990,56379.0
21,Huelva,1991,56605.0
21,Huelva,1992,57417.0
21,Huelva,1993,58528.0
21,Huelva,1994,59559.0
21,Huelva,1995,60450.0
21,Huelva,1996,61381.0
21,Huelva,1997,62267.0
21,Huelva,1998,63143.0
21,Huelva,1999,63989.0
21,Huelva,2000,64851.0
21,Huelva,2001,65725.0
21,Huelva,2002,65897.0
21,Huelva,2003,65387.0
21,Huelva,2004,64747.0
21,Huelva,2005,64910.0
21,Huelva,2006,67111.0
21,Huelva,2007,68967.0
21,Huelva,2008,71244.0
21,Huelva,2009,73365.0
21,Huelva,2010,76049.0
21,Huelva,2011,78866.0
21,Huelva,2012,81792.0
21,Huelva,2013,83669.0
21,Huelva,2014,84103.0
21,Huelva,2015,85009.0
21,Huelva,2016,85457.0
21,Huelva,2017,85918.0
21,Huelva,2018,86084.0
21,Huelva,2019,86373.0
21,Huelva,2020,86558.0
21,Huelva,2021,86450.0
21,Huelva,2022,84932.0
21,Huelva,2023,85493.0
21,Huelva,2024,85985.0
05,Ávila,1990,1037838.0
05,Ávila,1991,1044764.0
05,Ávila,1992,1058075.0
05,Ávila,1993,1072937.0
05,Ávila,1994,1087209.0
05,Ávila,1995,1100679.0
05,Ávila,1996,1114394.0
05,Ávila,1997,1128146.0
05,Ávila,1998,1142030.0
05,Ávila,1999,1155675.0
05,Ávila,2000,1169114.0
05,Ávila,2001,1184118.0
05,Ávila,2002,1206614.0
05,Ávila,2003,1242626.0
05,Ávila,2004,1276816.0
05,Ávila,2005,1313496.0
05,Ávila,2006,1351106.0
05,Ávila,2007,1385717.0
05,Ávila,2008,1419563.0
05,Ávila,2009,1441787.0
05,Ávila,2010,1453543.0
05,Ávila,2011,1459075.0
05,Ávila,2012,1461925.0
05,Ávila,2013,1462271.0
05,Ávila,2014,1462734.0
05,Ávila,2015,1465195.0
05,Ávila,2016,1468367.0
05,Ávila,2017,1475275.0
05,Ávila,2018,1478718.0
05,Ávila,2019,1491312.0
05,Ávila,2020,1509077.0
05,Ávila,2021,1518279.0
05,Ávila,2022,1529662.0
05,Ávila,2023,1551692.0
05,Ávila,2024,1568492.0
06,Badajoz,1990,1145807.0
06,Badajoz,1991,1158881.0
06,Badajoz,1992,1171333.0
06,Badajoz,1993,1183973.0
06,Badajoz,1994,1195896.0
06,Badajoz,1995,1207179.0
06,Badajoz,1996,1218500.0
06,Badajoz,1997,1229495.0
06,Badajoz,1998,1241001.0
06,Badajoz,1999,1251973.0
06,Badajoz,2000,1263686.0
06,Badajoz,2001,1276063.0
06,Badajoz,2002,1302639.0
06,Badajoz,2003,1338410.0
06,Badajoz,2004,1373765.0
06,Badajoz,2005,1415714.0
06,Badajoz,2006,1456083.0
06,Badajoz,2007,1491791.0
06,Badajoz,2008,1529004.0
06,Badajoz,2009,1552894.0
06,Badajoz,2010,1566665.0
06,Badajoz,2011,1581346.0
06,Badajoz,2012,1598130.0
06,Badajoz,2013,1610728.0
06,Badajoz,2014,1618101.0
06,Badajoz,2015,1629179.0
06,Badajoz,2016,1638378.0
06,Badajoz,2017,1644147.0
06,Badajoz,2018,1650068.0
06,Badajoz,2019,1660348.0
06,Badajoz,2020,1683380.0
06,Badajoz,2021,1696955.0
06,Badajoz,2022,1715118.0
06,Badajoz,2023,1752728.0
06,Badajoz,2024,1774701.0
18,Granada,1990,519631.0
18,Granada,1991,519500.0
18,Granada,1992,522071.0
18,Granada,1993,525349.0
18,Granada,1994,528520.0
18,Granada,1995,531732.0
18,Granada,1996,534844.0
18,Granada,1997,538100.0
18,Granada,1998,541557.0
18,Granada,1999,544948.0
18,Granada,2000,548379.0
18,Granada,2001,552060.0
18,Granada,2002,557456.0
18,Granada,2003,567892.0
18,Granada,2004,576346.0
18,Granada,2005,584365.0
18,Granada,2006,592137.0
18,Granada,2007,602835.0
18,Granada,2008,616710.0
18,Granada,2009,627286.0
18,Granada,2010,633023.0
18,Granada,2011,637100.0
18,Granada,2012,640014.0
18,Granada,2013,639089.0
18,Granada,2014,637099.0
18,Granada,2015,637317.0
18,Granada,2016,638922.0
18,Granada,2017,642075.0
18,Granada,2018,646340.0
18,Granada,2019,652797.0
18,Granada,2020,659907.0
18,Granada,2021,662032.0
18,Granada,2022,664514.0
18,Granada,2023,672155.0
18,Granada,2024,678333.0
13,Ciudad Real,1990,363645.0
13,Ciudad Real,1991,355065.0
13,Ciudad Real,1992,352832.0
13,Ciudad Real,1993,351817.0
13,Ciudad Real,1994,350804.0
13,Ciudad Real,1995,349605.0
13,Ciudad Real,1996,348107.0
13,Ciudad Real,1997,346490.0
13,Ciudad Real,1998,344868.0
13,Ciudad Real,1999,343136.0
13,Ciudad Real,2000,341375.0
13,Ciudad Real,2001,339681.0
13,Ciudad Real,2002,338161.0
13,Ciudad Real,2003,337307.0
13,Ciudad Real,2004,336021.0
13,Ciudad Real,2005,335066.0
13,Ciudad Real,2006,334131.0
13,Ciudad Real,2007,333543.0
13,Ciudad Real,2008,332807.0
13,Ciudad Real,2009,332164.0
13,Ciudad Real,2010,331648.0
13,Ciudad Real,2011,330017.0
13,Ciudad Real,2012,328184.0
13,Ciudad Real,2013,325140.0
13,Ciudad Real,2014,321472.0
13,Ciudad Real,2015,318288.0
13,Ciudad Real,2016,314476.0
13,Ciudad Real,2017,311385.0
13,Ciudad Real,2018,309290.0
13,Ciudad Real,2019,307764.0
13,Ciudad Real,2020,306825.0
13,Ciudad Real,2021,305297.0
13,Ciudad Real,2022,304225.0
13,Ciudad Real,2023,304563.0
13,Ciudad Real,2024,304467.0
08,Barcelona,1990,186491.0
08,Barcelona,1991,185627.0
08,Barcelona,1992,184787.0
08,Barcelona,1993,183939.0
08,Barcelona,1994,182882.0
08,Barcelona,1995,182018.0
08,Barcelona,1996,181026.0
08,Barcelona,1997,179970.0
08,Barcelona,1998,178920.0
08,Barcelona,1999,177624.0
08,Barcelona,2000,176371.0
08,Barcelona,2001,175092.0
08,Barcelona,2002,173727.0
08,Barcelona,2003,173244.0
08,Barcelona,2004,172694.0
08,Barcelona,2005,172384.0
08,Barcelona,2006,172446.0
08,Barcelona,2007,172564.0
08,Barcelona,2008,172703.0
08,Barcelona,2009,172668.0
08,Barcelona,2010,171891.0
08,Barcelona,2011,171298.0
08,Barcelona,2012,170305.0
08,Barcelona,2013,168670.0
08,Barcelona,2014,167237.0
08,Barcelona,2015,165820.0
08,Barcelona,2016,164421.0
08,Barcelona,2017,163221.0
08,Barcelona,2018,162064.0
08,Barcelona,2019,161053.0
08,Barcelona,2020,160357.0
08,Barcelona,2021,159146.0
08,Barcelona,2022,157993.0
08,Barcelona,2023,157787.0
08,Barcelona,2024,158063.0
04,Almería,1990,898448.0
04,Almería,1991,897356.0
04,Almería,1992,898220.0
04,Almería,1993,899877.0
04,Almería,1994,901070.0
04,Almería,1995,901708.0
04,Almería,1996,901834.0
04,Almería,1997,901947.0
04,Almería,1998,902051.0
04,Almería,1999,902208.0
04,Almería,2000,902420.0
04,Almería,2001,902645.0
04,Almería,2002,905271.0
04,Almería,2003,911203.0
04,Almería,2004,916519.0
04,Almería,2005,922302.0
04,Almería,2006,927941.0
04,Almería,2007,933945.0
04,Almería,2008,940723.0
04,Almería,2009,947698.0
04,Almería,2010,951708.0
04,Almería,2011,953800.0
04,Almería,2012,954924.0
04,Almería,2013,953087.0
04,Almería,2014,950254.0
04,Almería,2015,948487.0
04,Almería,2016,945852.0
04,Almería,2017,944116.0
04,Almería,2018,942556.0
04,Almería,2019,942944.0
04,Almería,2020,946213.0
04,Almería,2021,946311.0
04,Almería,2022,945198.0
04,Almería,2023,946710.0
04,Almería,2024,947869.0
14,Córdoba,1990,360031.0
14,Córdoba,1991,358170.0
14,Córdoba,1992,357220.0
14,Córdoba,1993,356520.0
14,Córdoba,1994,355639.0
14,Córdoba,1995,354644.0
14,Córdoba,1996,353495.0
14,Córdoba,1997,352106.0
14,Córdoba,1998,350851.0
14,Córdoba,1999,349317.0
14,Córdoba,2000,347751.0
14,Córdoba,2001,346494.0
14,Córdoba,2002,345098.0
14,Córdoba,2003,345560.0
14,Córdoba,2004,345719.0
14,Córdoba,2005,346307.0
14,Córdoba,2006,346303.0
14,Córdoba,2007,347712.0
14,Córdoba,2008,349846.0
14,Córdoba,2009,351009.0
14,Córdoba,2010,350904.0
14,Córdoba,2011,350817.0
14,Córdoba,2012,349621.0
14,Córdoba,2013,347040.0
14,Córdoba,2014,344104.0
14,Córdoba,2015,341635.0
14,Córdoba,2016,338308.0
14,Córdoba,2017,335783.0
14,Córdoba,2018,333500.0
14,Córdoba,2019,332044.0
14,Córdoba,2020,330834.0
14,Córdoba,2021,327735.0
14,Córdoba,2022,326285.0
14,Córdoba,2023,327089.0
14,Córdoba,2024,327552.0
39,Cantabria,1990,811205.0
39,Cantabria,1991,811205.0
39,Cantabria,1992,811205.0
39,Cantabria,1993,811205.0
39,Cantabria,1994,811205.0
39,Cantabria,1995,811205.0
39,Cantabria,1996,811205.0
39,Cantabria,1997,811205.0
39,Cantabria,1998,811205.0
39,Cantabria,1999,811205.0
39,Cantabria,2000,811205.0
39,Cantabria,2001,811205.0
39,Cantabria,2002,811205.0
39,Cantabria,2003,836129.0
39,Cantabria,2004,860603.0
39,Cantabria,2005,885231.0
39,Cantabria,2006,907794.0
39,Cantabria,2007,929867.0
39,Cantabria,2008,951844.0
39,Cantabria,2009,969125.0
39,Cantabria,2010,978675.0
39,Cantabria,2011,987790.0
39,Cantabria,2012,996887.0
39,Cantabria,2013,1001461.0
39,Cantabria,2014,1003299.0
39,Cantabria,2015,1003741.0
39,Cantabria,2016,1003542.0
39,Cantabria,2017,1009654.0
39,Cantabria,2018,1019708.0
39,Cantabria,2019,1031630.0
39,Cantabria,2020,1045045.0
39,Cantabria,2021,1047565.0
39,Cantabria,2022,1051875.0
39,Cantabria,2023,1067173.0
39,Cantabria,2024,1078864.0
40,Segovia,1990,147859.0
40,Segovia,1991,147304.0
40,Segovia,1992,147384.0
40,Segovia,1993,147495.0
40,Segovia,1994,147580.0
40,Segovia,1995,147637.0
40,Segovia,1996,147700.0
40,Segovia,1997,147751.0
40,Segovia,1998,147823.0
40,Segovia,1999,147768.0
40,Segovia,2000,147623.0
40,Segovia,2001,147613.0
40,Segovia,2002,147626.0
40,Segovia,2003,149643.0
40,Segovia,2004,151736.0
40,Segovia,2005,154211.0
40,Segovia,2006,156275.0
40,Segovia,2007,159147.0
40,Segovia,2008,163089.0
40,Segovia,2009,163367.0
40,Segovia,2010,163171.0
40,Segovia,2011,163430.0
40,Segovia,2012,162938.0
40,Segovia,2013,161205.0
40,Segovia,2014,158798.0
40,Segovia,2015,157578.0
40,Segovia,2016,155991.0
40,Segovia,2017,154854.0
40,Segovia,2018,153983.0
40,Segovia,2019,153571.0
40,Segovia,2020,153641.0
40,Segovia,2021,153626.0
40,Segovia,2022,153731.0
40,Segovia,2023,155332.0
40,Segovia,2024,156620.0
49,Zamora,1990,1608175.0
49,Zamora,1991,1618604.0
49,Zamora,1992,1630285.0
49,Zamora,1993,1642402.0
49,Zamora,1994,1654190.0
49,Zamora,1995,1665022.0
49,Zamora,1996,1674366.0
49,Zamora,1997,1683309.0
49,Zamora,1998,1692688.0
49,Zamora,1999,1700822.0
49,Zamora,2000,1709062.0
49,Zamora,2001,1718915.0
49,Zamora,2002,1732694.0
49,Zamora,2003,1748407.0
49,Zamora,2004,1764496.0
49,Zamora,2005,1785136.0
49,Zamora,2006,1807975.0
49,Zamora,2007,1831957.0
49,Zamora,2008,1859551.0
49,Zamora,2009,1884111.0
49,Zamora,2010,1902954.0
49,Zamora,2011,1918752.0
49,Zamora,2012,1932574.0
49,Zamora,2013,1935023.0
49,Zamora,2014,1934058.0
49,Zamora,2015,1935135.0
49,Zamora,2016,1935590.0
49,Zamora,2017,1936735.0
49,Zamora,2018,1938007.0
49,Zamora,2019,1941191.0
49,Zamora,2020,1947848.0
49,Zamora,2021,1950056.0
49,Zamora,2022,1949560.0
49,Zamora,2023,1959394.0
49,Zamora,2024,1968624.0
32,Ourense,1990,95478.0
32,Ourense,1991,94703.0
32,Ourense,1992,94275.0
32,Ourense,1993,93925.0
32,Ourense,1994,93618.0
32,Ourense,1995,93289.0
32,Ourense,1996,92926.0
32,Ourense,1997,92502.0
32,Ourense,1998,92103.0
32,Ourense,1999,91713.0
32,Ourense,2000,91270.0
32,Ourense,2001,90898.0
32,Ourense,2002,90351.0
32,Ourense,2003,91122.0
32,Ourense,2004,91781.0
32,Ourense,2005,92265.0
32,Ourense,2006,92738.0
32,Ourense,2007,93425.0
32,Ourense,2008,94468.0
32,Ourense,2009,94737.0
32,Ourense,2010,94981.0
32,Ourense,2011,94905.0
32,Ourense,2012,94472.0
32,Ourense,2013,93373.0
32,Ourense,2014,92374.0
32,Ourense,2015,91454.0
32,Ourense,2016,90460.0
32,Ourense,2017,89614.0
32,Ourense,2018,89329.0
32,Ourense,2019,89008.0
32,Ourense,2020,89302.0
32,Ourense,2021,88796.0
32,Ourense,2022,88330.0
32,Ourense,2023,89528.0
32,Ourense,2024,90073.0
02,Albacete,1990,539943.0
02,Albacete,1991,541736.0
02,Albacete,1992,547218.0
02,Albacete,1993,553700.0
02,Albacete,1994,559862.0
02,Albacete,1995,565930.0
02,Albacete,1996,571965.0
02,Albacete,1997,578122.0
02,Albacete,1998,584308.0
02,Albacete,1999,590625.0
02,Albacete,2000,596820.0
02,Albacete,2001,603801.0
02,Albacete,2002,613027.0
02,Albacete,2003,636613.0
02,Albacete,2004,661090.0
02,Albacete,2005,689264.0
02,Albacete,2006,718447.0
02,Albacete,2007,749152.0
02,Albacete,2008,780214.0
02,Albacete,2009,793982.0
02,Albacete,2010,798824.0
02,Albacete,2011,803860.0
02,Albacete,2012,806900.0
02,Albacete,2013,802724.0
02,Albacete,2014,795485.0
02,Albacete,2015,793272.0
02,Albacete,2016,792163.0
02,Albacete,2017,793077.0
02,Albacete,2018,795919.0
02,Albacete,2019,803528.0
02,Albacete,2020,815746.0
02,Albacete,2021,823435.0
02,Albacete,2022,830911.0
02,Albacete,2023,848592.0
02,Albacete,2024,861744.0
51,Ceuta,1990,145071.0
51,Ceuta,1991,143963.0
51,Ceuta,1992,143178.0
51,Ceuta,1993,142617.0
51,Ceuta,1994,141975.0
51,Ceuta,1995,141317.0
51,Ceuta,1996,140505.0
51,Ceuta,1997,139756.0
51,Ceuta,1998,138906.0
51,Ceuta,1999,138016.0
51,Ceuta,2000,137086.0
51,Ceuta,2001,136400.0
51,Ceuta,2002,135724.0
51,Ceuta,2003,137493.0
51,Ceuta,2004,138386.0
51,Ceuta,2005,139828.0
51,Ceuta,2006,141279.0
51,Ceuta,2007,143616.0
51,Ceuta,2008,145702.0
51,Ceuta,2009,146137.0
51,Ceuta,2010,145109.0
51,Ceuta,2011,144355.0
51,Ceuta,2012,142920.0
51,Ceuta,2013,141092.0
51,Ceuta,2014,139470.0
51,Ceuta,2015,137871.0
51,Ceuta,2016,136377.0
51,Ceuta,2017,135324.0
51,Ceuta,2018,134449.0
51,Ceuta,2019,134025.0
51,Ceuta,2020,134085.0
51,Ceuta,2021,134259.0
51,Ceuta,2022,134132.0
51,Ceuta,2023,135046.0
51,Ceuta,2024,135309.0
41,Sevilla,1990,488861.0
41,Sevilla,1991,489612.0
41,Sevilla,1992,493893.0
41,Sevilla,1993,498881.0
41,Sevilla,1994,503752.0
41,Sevilla,1995,508605.0
41,Sevilla,1996,513241.0
41,Sevilla,1997,517674.0
41,Sevilla,1998,522457.0
41,Sevilla,1999,527085.0
41,Sevilla,2000,531857.0
41,Sevilla,2001,536947.0
41,Sevilla,2002,543378.0
41,Sevilla,2003,558375.0
41,Sevilla,2004,574499.0
41,Sevilla,2005,592395.0
41,Sevilla,2006,611783.0
41,Sevilla,2007,636693.0
41,Sevilla,2008,665287.0
41,Sevilla,2009,682735.0
41,Sevilla,2010,692435.0
41,Sevilla,2011,701017.0
41,Sevilla,2012,705580.0
41,Sevilla,2013,703566.0
41,Sevilla,2014,697605.0
41,Sevilla,2015,694329.0
41,Sevilla,2016,691787.0
41,Sevilla,2017,691021.0
41,Sevilla,2018,691124.0
41,Sevilla,2019,696390.0
41,Sevilla,2020,704792.0
41,Sevilla,2021,710400.0
41,Sevilla,2022,716313.0
41,Sevilla,2023,731112.0
41,Sevilla,2024,743165.0
28,Madrid,1990,2117278.0
28,Madrid,1991,2118350.0
28,Madrid,1992,2126541.0
28,Madrid,1993,2136846.0
28,Madrid,1994,2146761.0
28,Madrid,1995,2155112.0
28,Madrid,1996,2163815.0
28,Madrid,1997,2171645.0
28,Madrid,1998,2179750.0
28,Madrid,1999,2187984.0
28,Madrid,2000,2196341.0
28,Madrid,2001,2207001.0
28,Madrid,2002,2226427.0
28,Madrid,2003,2275650.0
28,Madrid,2004,2321595.0
28,Madrid,2005,2371882.0
28,Madrid,2006,2418732.0
28,Madrid,2007,2467759.0
28,Madrid,2008,2522564.0
28,Madrid,2009,2550405.0
28,Madrid,2010,2553694.0
28,Madrid,2011,2559194.0
28,Madrid,2012,2562518.0
28,Madrid,2013,2548936.0
28,Madrid,2014,2531628.0
28,Madrid,2015,2528776.0
28,Madrid,2016,2526469.0
28,Madrid,2017,2531673.0
28,Madrid,2018,2542923.0
28,Madrid,2019,2554332.0
28,Madrid,2020,2584654.0
28,Madrid,2021,2593243.0
28,Madrid,2022,2609327.0
28,Madrid,2023,2656841.0
28,Madrid,2024,2710808.0
03,Alicante,1990,494805.0
03,Alicante,1991,494418.0
03,Alicante,1992,494865.0
03,Alicante,1993,495570.0
03,Alicante,1994,496134.0
03,Alicante,1995,496617.0
03,Alicante,1996,496808.0
03,Alicante,1997,497004.0
03,Alicante,1998,497307.0
03,Alicante,1999,497221.0
03,Alicante,2000,497333.0
03,Alicante,2001,497627.0
03,Alicante,2002,499630.0
03,Alicante,2003,503346.0
03,Alicante,2004,506390.0
03,Alicante,2005,509999.0
03,Alicante,2006,513753.0
03,Alicante,2007,518851.0
03,Alicante,2008,525649.0
03,Alicante,2009,528795.0
03,Alicante,2010,530499.0
03,Alicante,2011,531887.0
03,Alicante,2012,532649.0
03,Alicante,2013,530848.0
03,Alicante,2014,528486.0
03,Alicante,2015,527199.0
03,Alicante,2016,524669.0
03,Alicante,2017,522985.0
03,Alicante,2018,520930.0
03,Alicante,2019,520483.0
03,Alicante,2020,520904.0
03,Alicante,2021,519380.0
03,Alicante,2022,518159.0
03,Alicante,2023,521333.0
03,Alicante,2024,525116.0
26,La Rioja,1990,216104.0
26,La Rioja,1991,214107.0
26,La Rioja,1992,212778.0
26,La Rioja,1993,211568.0
26,La Rioja,1994,210384.0
26,La Rioja,1995,209046.0
26,La Rioja,1996,207677.0
26,La Rioja,1997,206283.0
26,La Rioja,1998,204944.0
26,La Rioja,1999,203516.0
26,La Rioja,2000,201777.0
26,La Rioja,2001,200313.0
26,La Rioja,2002,198342.0
26,La Rioja,2003,197681.0
26,La Rioja,2004,196858.0
26,La Rioja,2005,196342.0
26,La Rioja,2006,195996.0
26,La Rioja,2007,195861.0
26,La Rioja,2008,196175.0
26,La Rioja,2009,194924.0
26,La Rioja,2010,193745.0
26,La Rioja,2011,192727.0
26,La Rioja,2012,191316.0
26,La Rioja,2013,188878.0
26,La Rioja,2014,186117.0
26,La Rioja,2015,183885.0
26,La Rioja,2016,181057.0
26,La Rioja,2017,178243.0
26,La Rioja,2018,175662.0
26,La Rioja,2019,173318.0
26,La Rioja,2020,171301.0
26,La Rioja,2021,169165.0
26,La Rioja,2022,167868.0
26,La Rioja,2023,166927.0
26,La Rioja,2024,166253.0
09,Burgos,1990,839141.0
09,Burgos,1991,837748.0
09,Burgos,1992,839426.0
09,Burgos,1993,842352.0
09,Burgos,1994,844561.0
09,Burgos,1995,846910.0
09,Burgos,1996,848946.0
09,Burgos,1997,851017.0
09,Burgos,1998,853046.0
09,Burgos,1999,854746.0
09,Burgos,2000,856527.0
09,Burgos,2001,859136.0
09,Burgos,2002,867473.0
09,Burgos,2003,878629.0
09,Burgos,2004,887654.0
09,Burgos,2005,900705.0
09,Burgos,2006,915041.0
09,Burgos,2007,930532.0
09,Burgos,2008,955319.0
09,Burgos,2009,969879.0
09,Burgos,2010,972287.0
09,Burgos,2011,973433.0
09,Burgos,2012,975054.0
09,Burgos,2013,971807.0
09,Burgos,2014,967541.0
09,Burgos,2015,965052.0
09,Burgos,2016,960170.0
09,Burgos,2017,959338.0
09,Burgos,2018,958391.0
09,Burgos,2019,965673.0
09,Burgos,2020,973740.0
09,Burgos,2021,973684.0
09,Burgos,2022,968886.0
09,Burgos,2023,979365.0
09,Burgos,2024,987763.0
11,Cádiz,1990,272041.0
11,Cádiz,1991,272499.0
11,Cádiz,1992,273726.0
11,Cádiz,1993,275212.0
11,Cádiz,1994,276638.0
11,Cádiz,1995,277795.0
11,Cádiz,1996,278897.0
11,Cádiz,1997,280128.0
11,Cádiz,1998,281403.0
11,Cádiz,1999,282637.0
11,Cádiz,2000,283795.0
11,Cádiz,2001,285198.0
11,Cádiz,2002,286646.0
11,Cádiz,2003,290747.0
11,Cádiz,2004,294301.0
11,Cádiz,2005,298832.0
11,Cádiz,2006,302491.0
11,Cádiz,2007,306482.0
11,Cádiz,2008,310940.0
11,Cádiz,2009,315284.0
11,Cádiz,2010,317733.0
11,Cádiz,2011,319847.0
11,Cádiz,2012,320564.0
11,Cádiz,2013,320199.0
11,Cádiz,2014,320451.0
11,Cádiz,2015,321541.0
11,Cádiz,2016,322974.0
11,Cádiz,2017,325250.0
11,Cádiz,2018,327763.0
11,Cádiz,2019,330104.0
11,Cádiz,2020,332874.0
11,Cádiz,2021,333485.0
11,Cádiz,2022,333909.0
11,Cádiz,2023,336308.0
11,Cádiz,2024,338594.0
29,Málaga,1990,176093.0
29,Málaga,1991,174732.0
29,Málaga,1992,173776.0
29,Málaga,1993,172921.0
29,Málaga,1994,172131.0
29,Málaga,1995,171183.0
29,Málaga,1996,170224.0
29,Málaga,1997,169195.0
29,Málaga,1998,168108.0
29,Málaga,1999,166790.0
29,Málaga,2000,165615.0
29,Málaga,2001,164465.0
29,Málaga,2002,163191.0
29,Málaga,2003,163545.0
29,Málaga,2004,164656.0
29,Málaga,2005,166158.0
29,Málaga,2006,167953.0
29,Málaga,2007,170208.0
29,Málaga,2008,173293.0
29,Málaga,2009,173817.0
29,Málaga,2010,173371.0
29,Málaga,2011,172776.0
29,Málaga,2012,171365.0
29,Málaga,2013,169373.0
29,Málaga,2014,167265.0
29,Málaga,2015,165694.0
29,Málaga,2016,163669.0
29,Málaga,2017,161782.0
29,Málaga,2018,160104.0
29,Málaga,2019,159237.0
29,Málaga,2020,158819.0
29,Málaga,2021,158898.0
29,Málaga,2022,159103.0
29,Málaga,2023,159764.0
29,Málaga,2024,160463.0
