_id,periodo,provincia,tipo_de_segmento_de_mercado_gas,Consumo (MWh),Total
1,2009,Almería,Consumo eléctrico,0.0,218669.0
2,2009,Almería,Consumo Industrial,179860.0,218669.0
3,2009,Almería,Consumo Doméstico  Comercial,38809.0,218669.0
4,2009,Cádiz,Consumo eléctrico,22611866.0,29337174.0
5,2009,Cádiz,Consumo Industrial,6563640.0,29337174.0
6,2009,Cádiz,Consumo Doméstico  Comercial,161668.0,29337174.0
7,2009,Córdoba,Consumo eléctrico,0.0,1644046.0
8,2009,Córdoba,Consumo Industrial,1427288.0,1644046.0
9,2009,Córdoba,Consumo Doméstico  Comercial,216758.0,1644046.0
10,2009,Granada,Consumo eléctrico,0.0,2007936.0
11,2009,Granada,Consumo Industrial,1733208.0,2007936.0
12,2009,Granada,Consumo Doméstico  Comercial,274728.0,2007936.0
13,2009,Huelva,Consumo eléctrico,12472723.0,23393269.0
14,2009,Huelva,Consumo Industrial,10826843.0,23393269.0
15,2009,Huelva,Consumo Doméstico  Comercial,93703.0,23393269.0
16,2009,Jaén,Consumo eléctrico,0.0,2830181.0
17,2009,Jaén,Consumo Industrial,2700324.0,2830181.0
18,2009,Jaén,Consumo Doméstico  Comercial,129857.0,2830181.0
19,2009,Málaga,Consumo eléctrico,609106.0,1933771.0
20,2009,Málaga,Consumo Industrial,984312.0,1933771.0
21,2009,Málaga,Consumo Doméstico  Comercial,340353.0,1933771.0
22,2009,Sevilla,Consumo eléctrico,0.0,3732905.0
23,2009,Sevilla,Consumo Industrial,3192995.0,3732905.0
24,2009,Sevilla,Consumo Doméstico  Comercial,539910.0,3732905.0
25,2009,Huesca,Consumo eléctrico,0.0,3342573.0
26,2009,Huesca,Consumo Industrial,2921201.0,3342573.0
27,2009,Huesca,Consumo Doméstico  Comercial,421372.0,3342573.0
28,2009,Teruel,Consumo eléctrico,3842770.0,5033171.0
29,2009,Teruel,Consumo Industrial,1038686.0,5033171.0
30,2009,Teruel,Consumo Doméstico  Comercial,151715.0,5033171.0
31,2009,Zaragoza,Consumo eléctrico,9442154.0,19777823.0
32,2009,Zaragoza,Consumo Industrial,8424394.0,19777823.0
33,2009,Zaragoza,Consumo Doméstico  Comercial,1911275.0,19777823.0
34,2009,Asturias,Consumo eléctrico,2813745.0,10174239.0
35,2009,Asturias,Consumo Industrial,5472304.0,10174239.0
36,2009,Asturias,Consumo Doméstico  Comercial,1888190.0,10174239.0
37,2009,"Balears, Illes",Consumo eléctrico,0.0,607436.0
38,2009,"Balears, Illes",Consumo Industrial,63398.0,607436.0
39,2009,"Balears, Illes",Consumo Doméstico  Comercial,544038.0,607436.0
40,2009,Cantabria,Consumo eléctrico,0.0,7474524.0
41,2009,Cantabria,Consumo Industrial,6482581.0,7474524.0
42,2009,Cantabria,Consumo Doméstico  Comercial,991943.0,7474524.0
43,2009,Albacete,Consumo eléctrico,0.0,1189289.0
44,2009,Albacete,Consumo Industrial,802302.0,1189289.0
45,2009,Albacete,Consumo Doméstico  Comercial,386987.0,1189289.0
46,2009,Ciudad Real,Consumo eléctrico,829902.0,6364394.0
47,2009,Ciudad Real,Consumo Industrial,5089193.0,6364394.0
48,2009,Ciudad Real,Consumo Doméstico  Comercial,445299.0,6364394.0
49,2009,Cuenca,Consumo eléctrico,0.0,715174.0
50,2009,Cuenca,Consumo Industrial,588099.0,715174.0
51,2009,Cuenca,Consumo Doméstico  Comercial,127075.0,715174.0
52,2009,Guadalajara,Consumo eléctrico,0.0,1474033.0
53,2009,Guadalajara,Consumo Industrial,1123811.0,1474033.0
54,2009,Guadalajara,Consumo Doméstico  Comercial,350222.0,1474033.0
55,2009,Toledo,Consumo eléctrico,6914968.0,9331130.0
56,2009,Toledo,Consumo Industrial,1881390.0,9331130.0
57,2009,Toledo,Consumo Doméstico  Comercial,534772.0,9331130.0
58,2009,Ávila,Consumo eléctrico,0.0,266517.0
59,2009,Ávila,Consumo Industrial,32344.0,266517.0
60,2009,Ávila,Consumo Doméstico  Comercial,234173.0,266517.0
61,2009,Burgos,Consumo eléctrico,0.0,7545587.0
62,2009,Burgos,Consumo Industrial,6519993.0,7545587.0
63,2009,Burgos,Consumo Doméstico  Comercial,1025594.0,7545587.0
64,2009,León,Consumo eléctrico,0.0,2405805.0
65,2009,León,Consumo Industrial,1675700.0,2405805.0
66,2009,León,Consumo Doméstico  Comercial,730105.0,2405805.0
67,2009,Palencia,Consumo eléctrico,0.0,1557321.0
68,2009,Palencia,Consumo Industrial,1116004.0,1557321.0
69,2009,Palencia,Consumo Doméstico  Comercial,441317.0,1557321.0
70,2009,Salamanca,Consumo eléctrico,0.0,2043149.0
71,2009,Salamanca,Consumo Industrial,1447259.0,2043149.0
72,2009,Salamanca,Consumo Doméstico  Comercial,595890.0,2043149.0
73,2009,Segovia,Consumo eléctrico,0.0,1263335.0
74,2009,Segovia,Consumo Industrial,1039056.0,1263335.0
75,2009,Segovia,Consumo Doméstico  Comercial,224279.0,1263335.0
76,2009,Soria,Consumo eléctrico,0.0,2105839.0
77,2009,Soria,Consumo Industrial,1979415.0,2105839.0
78,2009,Soria,Consumo Doméstico  Comercial,126424.0,2105839.0
79,2009,Valladolid,Consumo eléctrico,0.0,3672947.0
80,2009,Valladolid,Consumo Industrial,1865054.0,3672947.0
81,2009,Valladolid,Consumo Doméstico  Comercial,1807893.0,3672947.0
82,2009,Zamora,Consumo eléctrico,0.0,794618.0
83,2009,Zamora,Consumo Industrial,518084.0,794618.0
84,2009,Zamora,Consumo Doméstico  Comercial,276534.0,794618.0
85,2009,Barcelona,Consumo eléctrico,9408720.0,37589820.0
86,2009,Barcelona,Consumo Industrial,15843555.0,37589820.0
87,2009,Barcelona,Consumo Doméstico  Comercial,12337545.0,37589820.0
88,2009,Girona,Consumo eléctrico,0.0,4414838.0
89,2009,Girona,Consumo Industrial,2881817.0,4414838.0
90,2009,Girona,Consumo Doméstico  Comercial,1533021.0,4414838.0
91,2009,Lleida,Consumo eléctrico,0.0,5814942.0
92,2009,Lleida,Consumo Industrial,5039067.0,5814942.0
93,2009,Lleida,Consumo Doméstico  Comercial,775875.0,5814942.0
94,2009,Tarragona,Consumo eléctrico,11792538.0,27090207.0
95,2009,Tarragona,Consumo Industrial,14183550.0,27090207.0
96,2009,Tarragona,Consumo Doméstico  Comercial,1114119.0,27090207.0
97,2009,Badajoz,Consumo eléctrico,0.0,1597799.0
98,2009,Badajoz,Consumo Industrial,1258685.0,1597799.0
99,2009,Badajoz,Consumo Doméstico  Comercial,339114.0,1597799.0
100,2009,Cáceres,Consumo eléctrico,0.0,364734.0
101,2009,Cáceres,Consumo Industrial,197823.0,364734.0
102,2009,Cáceres,Consumo Doméstico  Comercial,166911.0,364734.0
103,2009,"Coruña, A",Consumo eléctrico,6275481.0,11019600.0
104,2009,"Coruña, A",Consumo Industrial,4060386.0,11019600.0
105,2009,"Coruña, A",Consumo Doméstico  Comercial,683733.0,11019600.0
106,2009,Lugo,Consumo eléctrico,0.0,512054.0
107,2009,Lugo,Consumo Industrial,308684.0,512054.0
108,2009,Lugo,Consumo Doméstico  Comercial,203370.0,512054.0
109,2009,Ourense,Consumo eléctrico,0.0,681212.0
110,2009,Ourense,Consumo Industrial,546562.0,681212.0
111,2009,Ourense,Consumo Doméstico  Comercial,134650.0,681212.0
112,2009,Pontevedra,Consumo eléctrico,0.0,1141964.0
113,2009,Pontevedra,Consumo Industrial,685323.0,1141964.0
114,2009,Pontevedra,Consumo Doméstico  Comercial,456641.0,1141964.0
115,2009,"Rioja, La",Consumo eléctrico,3637224.0,5275305.0
116,2009,"Rioja, La",Consumo Industrial,747215.0,5275305.0
117,2009,"Rioja, La",Consumo Doméstico  Comercial,890866.0,5275305.0
118,2009,Madrid,Consumo eléctrico,0.0,24268252.0
119,2009,Madrid,Consumo Industrial,7527841.0,24268252.0
120,2009,Madrid,Consumo Doméstico  Comercial,16740411.0,24268252.0
121,2009,Murcia,Consumo eléctrico,20866799.0,28913312.0
122,2009,Murcia,Consumo Industrial,7495164.0,28913312.0
123,2009,Murcia,Consumo Doméstico  Comercial,551349.0,28913312.0
124,2009,Navarra,Consumo eléctrico,7480678.0,14208089.0
125,2009,Navarra,Consumo Industrial,4736326.0,14208089.0
126,2009,Navarra,Consumo Doméstico  Comercial,1991085.0,14208089.0
127,2009,Araba/Álava,Consumo eléctrico,0.0,4123325.0
128,2009,Araba/Álava,Consumo Industrial,3092494.0,4123325.0
129,2009,Araba/Álava,Consumo Doméstico  Comercial,1030831.0,4123325.0
130,2009,Gipuzkoa,Consumo eléctrico,0.0,10729956.0
131,2009,Gipuzkoa,Consumo Industrial,9140310.0,10729956.0
132,2009,Gipuzkoa,Consumo Doméstico  Comercial,1589646.0,10729956.0
133,2009,Bizkaia,Consumo eléctrico,20349660.0,27591434.0
134,2009,Bizkaia,Consumo Industrial,5274604.0,27591434.0
135,2009,Bizkaia,Consumo Doméstico  Comercial,1967170.0,27591434.0
136,2009,Alicante/Alacant,Consumo eléctrico,0.0,1761000.0
137,2009,Alicante/Alacant,Consumo Industrial,1325821.0,1761000.0
138,2009,Alicante/Alacant,Consumo Doméstico  Comercial,435179.0,1761000.0
139,2009,Castellón/Castelló,Consumo eléctrico,13691747.0,24268051.0
140,2009,Castellón/Castelló,Consumo Industrial,10149858.0,24268051.0
141,2009,Castellón/Castelló,Consumo Doméstico  Comercial,426446.0,24268051.0
142,2009,Valencia/València,Consumo eléctrico,8066939.0,18941431.0
143,2009,Valencia/València,Consumo Industrial,8975966.0,18941431.0
144,2009,Valencia/València,Consumo Doméstico  Comercial,1898526.0,18941431.0
145,2009,"Palmas, Las",Consumo eléctrico,0.0,0.0
146,2009,"Palmas, Las",Consumo Industrial,0.0,0.0
147,2009,"Palmas, Las",Consumo Doméstico  Comercial,0.0,0.0
148,2009,Santa Cruz de Tenerife,Consumo eléctrico,0.0,0.0
149,2009,Santa Cruz de Tenerife,Consumo Industrial,0.0,0.0
150,2009,Santa Cruz de Tenerife,Consumo Doméstico  Comercial,0.0,0.0
151,2009,Ceuta,Consumo eléctrico,0.0,0.0
152,2009,Ceuta,Consumo Industrial,0.0,0.0
153,2009,Ceuta,Consumo Doméstico  Comercial,0.0,0.0
154,2009,Melilla,Consumo eléctrico,0.0,0.0
155,2009,Melilla,Consumo Industrial,0.0,0.0
156,2009,Melilla,Consumo Doméstico  Comercial,0.0,0.0
157,2010,Almería,Consumo Industrial,230606.0,286739.0
158,2010,Almería,Consumo Doméstico  Comercial,56133.0,286739.0
159,2010,Cádiz,Consumo eléctrico,17775568.0,24070414.0
160,2010,Cádiz,Consumo Industrial,6134485.0,24070414.0
161,2010,Cádiz,Consumo Doméstico  Comercial,160361.0,24070414.0
162,2010,Córdoba,Consumo Industrial,1643817.0,1875267.0
163,2010,Córdoba,Consumo Doméstico  Comercial,231450.0,1875267.0
164,2010,Granada,Consumo Industrial,1742808.0,2101464.0
165,2010,Granada,Consumo Doméstico  Comercial,358656.0,2101464.0
166,2010,Huelva,Consumo eléctrico,12837454.0,26170974.0
167,2010,Huelva,Consumo Industrial,13224955.0,26170974.0
168,2010,Huelva,Consumo Doméstico  Comercial,108565.0,26170974.0
169,2010,Jaén,Consumo Industrial,3325137.0,3488810.0
170,2010,Jaén,Consumo Doméstico  Comercial,163673.0,3488810.0
171,2010,Málaga,Consumo eléctrico,2808700.0,4102907.0
172,2010,Málaga,Consumo Industrial,946726.0,4102907.0
173,2010,Málaga,Consumo Doméstico  Comercial,347481.0,4102907.0
174,2010,Sevilla,Consumo Industrial,2801049.0,3368903.0
175,2010,Sevilla,Consumo Doméstico  Comercial,567854.0,3368903.0
176,2010,Huesca,Consumo Industrial,2527365.0,2991288.0
177,2010,Huesca,Consumo Doméstico  Comercial,463923.0,2991288.0
178,2010,Teruel,Consumo eléctrico,4202293.0,5566837.0
179,2010,Teruel,Consumo Industrial,1169715.0,5566837.0
180,2010,Teruel,Consumo Doméstico  Comercial,194829.0,5566837.0
181,2010,Zaragoza,Consumo eléctrico,6958519.0,18286883.0
182,2010,Zaragoza,Consumo Industrial,9302937.0,18286883.0
183,2010,Zaragoza,Consumo Doméstico  Comercial,2025427.0,18286883.0
184,2010,Asturias,Consumo eléctrico,3741116.0,8914880.0
185,2010,Asturias,Consumo Industrial,2975262.0,8914880.0
186,2010,Asturias,Consumo Doméstico  Comercial,2198502.0,8914880.0
187,2010,"Balears, Illes",Consumo Industrial,637612.0,1168294.0
188,2010,"Balears, Illes",Consumo Doméstico  Comercial,530682.0,1168294.0
189,2010,Cantabria,Consumo Industrial,6073602.0,7000304.0
190,2010,Cantabria,Consumo Doméstico  Comercial,926702.0,7000304.0
191,2010,Albacete,Consumo Industrial,931869.0,1405714.0
192,2010,Albacete,Consumo Doméstico  Comercial,473845.0,1405714.0
193,2010,Ciudad Real,Consumo eléctrico,788349.0,6887837.0
194,2010,Ciudad Real,Consumo Industrial,5545193.0,6887837.0
195,2010,Ciudad Real,Consumo Doméstico  Comercial,554295.0,6887837.0
196,2010,Cuenca,Consumo Industrial,529334.0,692726.0
197,2010,Cuenca,Consumo Doméstico  Comercial,163392.0,692726.0
198,2010,Guadalajara,Consumo Industrial,1186291.0,1625778.0
199,2010,Guadalajara,Consumo Doméstico  Comercial,439487.0,1625778.0
200,2010,Toledo,Consumo eléctrico,6209176.0,10101592.0
201,2010,Toledo,Consumo Industrial,3279878.0,10101592.0
202,2010,Toledo,Consumo Doméstico  Comercial,612538.0,10101592.0
203,2010,Ávila,Consumo Industrial,15915.0,327350.0
204,2010,Ávila,Consumo Doméstico  Comercial,311435.0,327350.0
205,2010,Burgos,Consumo Industrial,5768524.0,6944911.0
206,2010,Burgos,Consumo Doméstico  Comercial,1176387.0,6944911.0
207,2010,León,Consumo Industrial,2156328.0,2999917.0
208,2010,León,Consumo Doméstico  Comercial,843589.0,2999917.0
209,2010,Palencia,Consumo Industrial,1588637.0,2116687.0
210,2010,Palencia,Consumo Doméstico  Comercial,528050.0,2116687.0
211,2010,Salamanca,Consumo Industrial,1360117.0,2077873.0
212,2010,Salamanca,Consumo Doméstico  Comercial,717756.0,2077873.0
213,2010,Segovia,Consumo Industrial,1053082.0,1304903.0
214,2010,Segovia,Consumo Doméstico  Comercial,251821.0,1304903.0
215,2010,Soria,Consumo Industrial,2036022.0,2191860.0
216,2010,Soria,Consumo Doméstico  Comercial,155838.0,2191860.0
217,2010,Valladolid,Consumo Industrial,2775940.0,4962549.0
218,2010,Valladolid,Consumo Doméstico  Comercial,2186609.0,4962549.0
219,2010,Zamora,Consumo Industrial,699474.0,1007237.0
220,2010,Zamora,Consumo Doméstico  Comercial,307763.0,1007237.0
221,2010,Barcelona,Consumo eléctrico,11547775.0,42135794.0
222,2010,Barcelona,Consumo Industrial,16222162.0,42135794.0
223,2010,Barcelona,Consumo Doméstico  Comercial,14365857.0,42135794.0
224,2010,Girona,Consumo Industrial,2900229.0,4753255.0
225,2010,Girona,Consumo Doméstico  Comercial,1853026.0,4753255.0
226,2010,Lleida,Consumo Industrial,5158496.0,6058284.0
227,2010,Lleida,Consumo Doméstico  Comercial,899788.0,6058284.0
228,2010,Tarragona,Consumo eléctrico,7845719.0,24396453.0
229,2010,Tarragona,Consumo Industrial,15086121.0,24396453.0
230,2010,Tarragona,Consumo Doméstico  Comercial,1464613.0,24396453.0
231,2010,Badajoz,Consumo Industrial,1641888.0,2020349.0
232,2010,Badajoz,Consumo Doméstico  Comercial,378461.0,2020349.0
233,2010,Cáceres,Consumo Industrial,193268.0,369905.0
234,2010,Cáceres,Consumo Doméstico  Comercial,176637.0,369905.0
235,2010,"Coruña, A",Consumo eléctrico,4489430.0,9916707.0
236,2010,"Coruña, A",Consumo Industrial,4628848.0,9916707.0
237,2010,"Coruña, A",Consumo Doméstico  Comercial,798429.0,9916707.0
238,2010,Lugo,Consumo Industrial,340100.0,564059.0
239,2010,Lugo,Consumo Doméstico  Comercial,223959.0,564059.0
240,2010,Ourense,Consumo Industrial,598739.0,760375.0
241,2010,Ourense,Consumo Doméstico  Comercial,161636.0,760375.0
242,2010,Pontevedra,Consumo Industrial,650429.0,1137338.0
243,2010,Pontevedra,Consumo Doméstico  Comercial,486909.0,1137338.0
244,2010,"Rioja, La",Consumo eléctrico,2660395.0,5845961.0
245,2010,"Rioja, La",Consumo Industrial,2159238.0,5845961.0
246,2010,"Rioja, La",Consumo Doméstico  Comercial,1026328.0,5845961.0
247,2010,Madrid,Consumo Industrial,7758050.0,27678020.0
248,2010,Madrid,Consumo Doméstico  Comercial,19919970.0,27678020.0
249,2010,Murcia,Consumo eléctrico,15051608.0,24212239.0
250,2010,Murcia,Consumo Industrial,8512312.0,24212239.0
251,2010,Murcia,Consumo Doméstico  Comercial,648319.0,24212239.0
252,2010,Navarra,Consumo eléctrico,7244216.0,14706910.0
253,2010,Navarra,Consumo Industrial,5386939.0,14706910.0
254,2010,Navarra,Consumo Doméstico  Comercial,2075755.0,14706910.0
255,2010,Araba/Álava,Consumo Industrial,3757022.0,4917389.0
256,2010,Araba/Álava,Consumo Doméstico  Comercial,1160367.0,4917389.0
257,2010,Gipuzkoa,Consumo Industrial,6332900.0,8123923.0
258,2010,Gipuzkoa,Consumo Doméstico  Comercial,1791023.0,8123923.0
259,2010,Bizkaia,Consumo eléctrico,12559325.0,25180170.0
260,2010,Bizkaia,Consumo Industrial,10416499.0,25180170.0
261,2010,Bizkaia,Consumo Doméstico  Comercial,2204346.0,25180170.0
262,2010,Alicante/Alacant,Consumo Industrial,1387732.0,1879341.0
263,2010,Alicante/Alacant,Consumo Doméstico  Comercial,491609.0,1879341.0
264,2010,Castellón/Castelló,Consumo eléctrico,5723598.0,22063106.0
265,2010,Castellón/Castelló,Consumo Industrial,15867056.0,22063106.0
266,2010,Castellón/Castelló,Consumo Doméstico  Comercial,472452.0,22063106.0
267,2010,Valencia/València,Consumo eléctrico,12745708.0,20148283.0
268,2010,Valencia/València,Consumo Industrial,5181884.0,20148283.0
269,2010,Valencia/València,Consumo Doméstico  Comercial,2220691.0,20148283.0
270,2010,"Palmas, Las",Consumo Industrial,0.0,0.0
271,2010,"Palmas, Las",Consumo Doméstico  Comercial,0.0,0.0
272,2010,Santa Cruz de Tenerife,Consumo Industrial,0.0,0.0
273,2010,Santa Cruz de Tenerife,Consumo Doméstico  Comercial,0.0,0.0
274,2010,Ceuta,Consumo eléctrico,0.0,0.0
275,2010,Ceuta,Consumo Industrial,0.0,0.0
276,2010,Ceuta,Consumo Doméstico  Comercial,0.0,0.0
277,2010,Melilla,Consumo eléctrico,0.0,0.0
278,2010,Melilla,Consumo Industrial,0.0,0.0
279,2010,Melilla,Consumo Doméstico  Comercial,0.0,0.0
280,2011,Almería,Consumo Industrial,315537.0,378030.0
281,2011,Almería,Consumo Doméstico  Comercial,62493.0,378030.0
282,2011,Cádiz,Consumo eléctrico,17440682.0,24882148.0
283,2011,Cádiz,Consumo Industrial,7275544.0,24882148.0
284,2011,Cádiz,Consumo Doméstico  Comercial,165922.0,24882148.0
285,2011,Córdoba,Consumo Industrial,1672637.0,1907296.0
286,2011,Córdoba,Consumo Doméstico  Comercial,234659.0,1907296.0
287,2011,Granada,Consumo Industrial,1767402.0,2150794.0
288,2011,Granada,Consumo Doméstico  Comercial,383392.0,2150794.0
289,2011,Huelva,Consumo eléctrico,7453436.0,23010763.0
290,2011,Huelva,Consumo Industrial,15466320.0,23010763.0
291,2011,Huelva,Consumo Doméstico  Comercial,91007.0,23010763.0
292,2011,Jaén,Consumo Industrial,3543320.0,3686127.0
293,2011,Jaén,Consumo Doméstico  Comercial,142807.0,3686127.0
294,2011,Málaga,Consumo eléctrico,4081219.0,5414443.0
295,2011,Málaga,Consumo Industrial,992077.0,5414443.0
296,2011,Málaga,Consumo Doméstico  Comercial,341147.0,5414443.0
297,2011,Sevilla,Consumo Industrial,3000534.0,3629971.0
298,2011,Sevilla,Consumo Doméstico  Comercial,629437.0,3629971.0
299,2011,Huesca,Consumo Industrial,2978075.0,3413192.0
300,2011,Huesca,Consumo Doméstico  Comercial,435117.0,3413192.0
301,2011,Teruel,Consumo eléctrico,905059.0,2302680.0
302,2011,Teruel,Consumo Industrial,1192375.0,2302680.0
303,2011,Teruel,Consumo Doméstico  Comercial,205246.0,2302680.0
304,2011,Zaragoza,Consumo eléctrico,2371223.0,13855004.0
305,2011,Zaragoza,Consumo Industrial,9387842.0,13855004.0
306,2011,Zaragoza,Consumo Doméstico  Comercial,2095939.0,13855004.0
307,2011,Asturias,Consumo eléctrico,3750068.0,9280221.0
308,2011,Asturias,Consumo Industrial,3462647.0,9280221.0
309,2011,Asturias,Consumo Doméstico  Comercial,2067506.0,9280221.0
310,2011,"Balears, Illes",Consumo eléctrico,3550820.0,4152115.0
311,2011,"Balears, Illes",Consumo Industrial,78039.0,4152115.0
312,2011,"Balears, Illes",Consumo Doméstico  Comercial,523256.0,4152115.0
313,2011,Cantabria,Consumo Industrial,5455682.0,6263841.0
314,2011,Cantabria,Consumo Doméstico  Comercial,808159.0,6263841.0
315,2011,Albacete,Consumo Industrial,1026414.0,1495786.0
316,2011,Albacete,Consumo Doméstico  Comercial,469372.0,1495786.0
317,2011,Ciudad Real,Consumo eléctrico,779464.0,8688388.0
318,2011,Ciudad Real,Consumo Industrial,7351558.0,8688388.0
319,2011,Ciudad Real,Consumo Doméstico  Comercial,557366.0,8688388.0
320,2011,Cuenca,Consumo Industrial,376568.0,516871.0
321,2011,Cuenca,Consumo Doméstico  Comercial,140303.0,516871.0
322,2011,Guadalajara,Consumo Industrial,1208443.0,1600920.0
323,2011,Guadalajara,Consumo Doméstico  Comercial,392477.0,1600920.0
324,2011,Toledo,Consumo eléctrico,6750862.0,10533693.0
325,2011,Toledo,Consumo Industrial,3164337.0,10533693.0
326,2011,Toledo,Consumo Doméstico  Comercial,618494.0,10533693.0
327,2011,Ávila,Consumo Industrial,20987.0,229480.0
328,2011,Ávila,Consumo Doméstico  Comercial,208493.0,229480.0
329,2011,Burgos,Consumo Industrial,5526151.0,6544860.0
330,2011,Burgos,Consumo Doméstico  Comercial,1018709.0,6544860.0
331,2011,León,Consumo Industrial,2075599.0,2838967.0
332,2011,León,Consumo Doméstico  Comercial,763368.0,2838967.0
333,2011,Palencia,Consumo Industrial,1670026.0,2095944.0
334,2011,Palencia,Consumo Doméstico  Comercial,425918.0,2095944.0
335,2011,Salamanca,Consumo Industrial,1350685.0,2003359.0
336,2011,Salamanca,Consumo Doméstico  Comercial,652674.0,2003359.0
337,2011,Segovia,Consumo Industrial,1095965.0,1312426.0
338,2011,Segovia,Consumo Doméstico  Comercial,216461.0,1312426.0
339,2011,Soria,Consumo Industrial,1956530.0,2125806.0
340,2011,Soria,Consumo Doméstico  Comercial,169276.0,2125806.0
341,2011,Valladolid,Consumo Industrial,2924145.0,4737847.0
342,2011,Valladolid,Consumo Doméstico  Comercial,1813702.0,4737847.0
343,2011,Zamora,Consumo Industrial,660672.0,941382.0
344,2011,Zamora,Consumo Doméstico  Comercial,280710.0,941382.0
345,2011,Barcelona,Consumo eléctrico,12643524.0,42053189.0
346,2011,Barcelona,Consumo Industrial,16702367.0,42053189.0
347,2011,Barcelona,Consumo Doméstico  Comercial,12707298.0,42053189.0
348,2011,Girona,Consumo Industrial,3042942.0,4690045.0
349,2011,Girona,Consumo Doméstico  Comercial,1647103.0,4690045.0
350,2011,Lleida,Consumo Industrial,5285079.0,6102301.0
351,2011,Lleida,Consumo Doméstico  Comercial,817222.0,6102301.0
352,2011,Tarragona,Consumo eléctrico,8370636.0,23727244.0
353,2011,Tarragona,Consumo Industrial,14154110.0,23727244.0
354,2011,Tarragona,Consumo Doméstico  Comercial,1202498.0,23727244.0
355,2011,Badajoz,Consumo Industrial,1920184.0,2299019.0
356,2011,Badajoz,Consumo Doméstico  Comercial,378835.0,2299019.0
357,2011,Cáceres,Consumo Industrial,221317.0,403568.0
358,2011,Cáceres,Consumo Doméstico  Comercial,182251.0,403568.0
359,2011,"Coruña, A",Consumo eléctrico,4665199.0,9518853.0
360,2011,"Coruña, A",Consumo Industrial,4092349.0,9518853.0
361,2011,"Coruña, A",Consumo Doméstico  Comercial,761305.0,9518853.0
362,2011,Lugo,Consumo Industrial,515557.0,712328.0
363,2011,Lugo,Consumo Doméstico  Comercial,196771.0,712328.0
364,2011,Ourense,Consumo Industrial,570210.0,730894.0
365,2011,Ourense,Consumo Doméstico  Comercial,160684.0,730894.0
366,2011,Pontevedra,Consumo Industrial,554815.0,1028702.0
367,2011,Pontevedra,Consumo Doméstico  Comercial,473887.0,1028702.0
368,2011,"Rioja, La",Consumo eléctrico,2005774.0,3769440.0
369,2011,"Rioja, La",Consumo Industrial,844895.0,3769440.0
370,2011,"Rioja, La",Consumo Doméstico  Comercial,918771.0,3769440.0
371,2011,Madrid,Consumo Industrial,7277151.0,24406782.0
372,2011,Madrid,Consumo Doméstico  Comercial,17129631.0,24406782.0
373,2011,Murcia,Consumo eléctrico,11311170.0,23083313.0
374,2011,Murcia,Consumo Industrial,11213707.0,23083313.0
375,2011,Murcia,Consumo Doméstico  Comercial,558436.0,23083313.0
376,2011,Navarra,Consumo eléctrico,2580594.0,9928382.0
377,2011,Navarra,Consumo Industrial,5413070.0,9928382.0
378,2011,Navarra,Consumo Doméstico  Comercial,1934718.0,9928382.0
379,2011,Araba/Álava,Consumo Industrial,3807404.0,4857772.0
380,2011,Araba/Álava,Consumo Doméstico  Comercial,1050368.0,4857772.0
381,2011,Gipuzkoa,Consumo Industrial,5625058.0,7361632.0
382,2011,Gipuzkoa,Consumo Doméstico  Comercial,1736574.0,7361632.0
383,2011,Bizkaia,Consumo eléctrico,7275036.0,20076438.0
384,2011,Bizkaia,Consumo Industrial,10923819.0,20076438.0
385,2011,Bizkaia,Consumo Doméstico  Comercial,1877583.0,20076438.0
386,2011,Alicante/Alacant,Consumo Industrial,1408625.0,1912917.0
387,2011,Alicante/Alacant,Consumo Doméstico  Comercial,504292.0,1912917.0
388,2011,Castellón/Castelló,Consumo eléctrico,5456742.0,21952754.0
389,2011,Castellón/Castelló,Consumo Industrial,16050532.0,21952754.0
390,2011,Castellón/Castelló,Consumo Doméstico  Comercial,445480.0,21952754.0
391,2011,Valencia/València,Consumo eléctrico,8520009.0,15875072.0
392,2011,Valencia/València,Consumo Industrial,5142933.0,15875072.0
393,2011,Valencia/València,Consumo Doméstico  Comercial,2212130.0,15875072.0
394,2012,Almería,Consumo Industrial,459637.0,529420.0
395,2012,Almería,Consumo Doméstico  Comercial,69783.0,529420.0
396,2012,Cádiz,Consumo eléctrico,11376842.0,19116094.0
397,2012,Cádiz,Consumo Industrial,7542312.0,19116094.0
398,2012,Cádiz,Consumo Doméstico  Comercial,196940.0,19116094.0
399,2012,Córdoba,Consumo Industrial,1752603.0,1998040.0
400,2012,Córdoba,Consumo Doméstico  Comercial,245437.0,1998040.0
401,2012,Granada,Consumo Industrial,1785451.0,2254594.0
402,2012,Granada,Consumo Doméstico  Comercial,469143.0,2254594.0
403,2012,Huelva,Consumo eléctrico,5093758.0,19344261.0
404,2012,Huelva,Consumo Industrial,14053469.0,19344261.0
405,2012,Huelva,Consumo Doméstico  Comercial,197034.0,19344261.0
406,2012,Jaén,Consumo Industrial,3577390.0,3732909.0
407,2012,Jaén,Consumo Doméstico  Comercial,155519.0,3732909.0
408,2012,Málaga,Consumo eléctrico,4160850.0,5537697.0
409,2012,Málaga,Consumo Industrial,992545.0,5537697.0
410,2012,Málaga,Consumo Doméstico  Comercial,384302.0,5537697.0
411,2012,Sevilla,Consumo Industrial,3208812.0,3877257.0
412,2012,Sevilla,Consumo Doméstico  Comercial,668445.0,3877257.0
413,2012,Huesca,Consumo Industrial,3290669.0,3712306.0
414,2012,Huesca,Consumo Doméstico  Comercial,421637.0,3712306.0
415,2012,Teruel,Consumo eléctrico,297575.0,1548633.0
416,2012,Teruel,Consumo Industrial,1032681.0,1548633.0
417,2012,Teruel,Consumo Doméstico  Comercial,218377.0,1548633.0
418,2012,Zaragoza,Consumo eléctrico,1927076.0,12977344.0
419,2012,Zaragoza,Consumo Industrial,9017231.0,12977344.0
420,2012,Zaragoza,Consumo Doméstico  Comercial,2033037.0,12977344.0
421,2012,Asturias,Consumo eléctrico,1661297.0,8122149.0
422,2012,Asturias,Consumo Industrial,4222709.0,8122149.0
423,2012,Asturias,Consumo Doméstico  Comercial,2238143.0,8122149.0
424,2012,"Balears, Illes",Consumo eléctrico,2864644.0,3565075.0
425,2012,"Balears, Illes",Consumo Industrial,58494.0,3565075.0
426,2012,"Balears, Illes",Consumo Doméstico  Comercial,641937.0,3565075.0
427,2012,Cantabria,Consumo Industrial,6147189.0,7200093.0
428,2012,Cantabria,Consumo Doméstico  Comercial,1052904.0,7200093.0
429,2012,Albacete,Consumo Industrial,970247.0,1463202.0
430,2012,Albacete,Consumo Doméstico  Comercial,492955.0,1463202.0
431,2012,Ciudad Real,Consumo eléctrico,803834.0,9190825.0
432,2012,Ciudad Real,Consumo Industrial,7825996.0,9190825.0
433,2012,Ciudad Real,Consumo Doméstico  Comercial,560995.0,9190825.0
434,2012,Cuenca,Consumo Industrial,740079.0,926193.0
435,2012,Cuenca,Consumo Doméstico  Comercial,186114.0,926193.0
436,2012,Guadalajara,Consumo Industrial,1232258.0,1665082.0
437,2012,Guadalajara,Consumo Doméstico  Comercial,432824.0,1665082.0
438,2012,Toledo,Consumo eléctrico,5322851.0,8178235.0
439,2012,Toledo,Consumo Industrial,2184945.0,8178235.0
440,2012,Toledo,Consumo Doméstico  Comercial,670439.0,8178235.0
441,2012,Ávila,Consumo Industrial,21067.0,252302.0
442,2012,Ávila,Consumo Doméstico  Comercial,231235.0,252302.0
443,2012,Burgos,Consumo Industrial,5547496.0,6599017.0
444,2012,Burgos,Consumo Doméstico  Comercial,1051521.0,6599017.0
445,2012,León,Consumo Industrial,2032193.0,2824409.0
446,2012,León,Consumo Doméstico  Comercial,792216.0,2824409.0
447,2012,Palencia,Consumo Industrial,1592996.0,2066197.0
448,2012,Palencia,Consumo Doméstico  Comercial,473201.0,2066197.0
449,2012,Salamanca,Consumo Industrial,1003527.0,1698827.0
450,2012,Salamanca,Consumo Doméstico  Comercial,695300.0,1698827.0
451,2012,Segovia,Consumo Industrial,1062012.0,1303203.0
452,2012,Segovia,Consumo Doméstico  Comercial,241191.0,1303203.0
453,2012,Soria,Consumo Industrial,2015640.0,2210124.0
454,2012,Soria,Consumo Doméstico  Comercial,194484.0,2210124.0
455,2012,Valladolid,Consumo Industrial,3245032.0,5213118.0
456,2012,Valladolid,Consumo Doméstico  Comercial,1968086.0,5213118.0
457,2012,Zamora,Consumo Industrial,592984.0,907379.0
458,2012,Zamora,Consumo Doméstico  Comercial,314395.0,907379.0
459,2012,Barcelona,Consumo eléctrico,11628816.0,40296508.0
460,2012,Barcelona,Consumo Industrial,16098695.0,40296508.0
461,2012,Barcelona,Consumo Doméstico  Comercial,12568997.0,40296508.0
462,2012,Girona,Consumo Industrial,3148683.0,4848015.0
463,2012,Girona,Consumo Doméstico  Comercial,1699332.0,4848015.0
464,2012,Lleida,Consumo Industrial,5242257.0,6084637.0
465,2012,Lleida,Consumo Doméstico  Comercial,842380.0,6084637.0
466,2012,Tarragona,Consumo eléctrico,6757372.0,23755884.0
467,2012,Tarragona,Consumo Industrial,15841764.0,23755884.0
468,2012,Tarragona,Consumo Doméstico  Comercial,1156748.0,23755884.0
469,2012,Badajoz,Consumo Industrial,2161031.0,2577776.0
470,2012,Badajoz,Consumo Doméstico  Comercial,416745.0,2577776.0
471,2012,Cáceres,Consumo Industrial,409106.0,602848.0
472,2012,Cáceres,Consumo Doméstico  Comercial,193742.0,602848.0
473,2012,"Coruña, A",Consumo eléctrico,2786509.0,9047640.0
474,2012,"Coruña, A",Consumo Industrial,5462777.0,9047640.0
475,2012,"Coruña, A",Consumo Doméstico  Comercial,798354.0,9047640.0
476,2012,Lugo,Consumo Industrial,779420.0,982217.0
477,2012,Lugo,Consumo Doméstico  Comercial,202797.0,982217.0
478,2012,Ourense,Consumo Industrial,651582.0,819524.0
479,2012,Ourense,Consumo Doméstico  Comercial,167942.0,819524.0
480,2012,Pontevedra,Consumo Industrial,502327.0,996040.0
481,2012,Pontevedra,Consumo Doméstico  Comercial,493713.0,996040.0
482,2012,"Rioja, La",Consumo eléctrico,2747761.0,4561100.0
483,2012,"Rioja, La",Consumo Industrial,880955.0,4561100.0
484,2012,"Rioja, La",Consumo Doméstico  Comercial,932384.0,4561100.0
485,2012,Madrid,Consumo Industrial,7017710.0,24944804.0
486,2012,Madrid,Consumo Doméstico  Comercial,17927094.0,24944804.0
487,2012,Murcia,Consumo eléctrico,6545005.0,24834690.0
488,2012,Murcia,Consumo Industrial,17716925.0,24834690.0
489,2012,Murcia,Consumo Doméstico  Comercial,572760.0,24834690.0
490,2012,Navarra,Consumo eléctrico,1797821.0,9305599.0
491,2012,Navarra,Consumo Industrial,5489885.0,9305599.0
492,2012,Navarra,Consumo Doméstico  Comercial,2017893.0,9305599.0
493,2012,Araba/Álava,Consumo Industrial,3753906.0,4922754.0
494,2012,Araba/Álava,Consumo Doméstico  Comercial,1168848.0,4922754.0
495,2012,Gipuzkoa,Consumo Industrial,5697044.0,7439947.0
496,2012,Gipuzkoa,Consumo Doméstico  Comercial,1742903.0,7439947.0
497,2012,Bizkaia,Consumo eléctrico,8828736.0,22090177.0
498,2012,Bizkaia,Consumo Industrial,11079396.0,22090177.0
499,2012,Bizkaia,Consumo Doméstico  Comercial,2182045.0,22090177.0
500,2012,Alicante/Alacant,Consumo Industrial,1245290.0,1765108.0
501,2012,Alicante/Alacant,Consumo Doméstico  Comercial,519818.0,1765108.0
502,2012,Castellón/Castelló,Consumo eléctrico,1859475.0,18506273.0
503,2012,Castellón/Castelló,Consumo Industrial,16191789.0,18506273.0
504,2012,Castellón/Castelló,Consumo Doméstico  Comercial,455009.0,18506273.0
505,2012,Valencia/València,Consumo eléctrico,8106167.0,15159093.0
506,2012,Valencia/València,Consumo Industrial,4833110.0,15159093.0
507,2012,Valencia/València,Consumo Doméstico  Comercial,2219816.0,15159093.0
508,2013,Almería,Consumo Industrial,419761.0,492265.0
509,2013,Almería,Consumo Doméstico  Comercial,72504.0,492265.0
510,2013,Cádiz,Consumo eléctrico,5548656.0,13072595.0
511,2013,Cádiz,Consumo Industrial,7336094.0,13072595.0
512,2013,Cádiz,Consumo Doméstico  Comercial,187845.0,13072595.0
513,2013,Córdoba,Consumo Industrial,1554873.0,1796077.0
514,2013,Córdoba,Consumo Doméstico  Comercial,241204.0,1796077.0
515,2013,Granada,Consumo Industrial,1542478.0,1976892.0
516,2013,Granada,Consumo Doméstico  Comercial,434414.0,1976892.0
517,2013,Huelva,Consumo eléctrico,3422000.0,17983749.0
518,2013,Huelva,Consumo Industrial,14459627.0,17983749.0
519,2013,Huelva,Consumo Doméstico  Comercial,102122.0,17983749.0
520,2013,Jaén,Consumo Industrial,3354829.0,3517293.0
521,2013,Jaén,Consumo Doméstico  Comercial,162464.0,3517293.0
522,2013,Málaga,Consumo eléctrico,3414039.0,4701027.0
523,2013,Málaga,Consumo Industrial,894915.0,4701027.0
524,2013,Málaga,Consumo Doméstico  Comercial,392073.0,4701027.0
525,2013,Sevilla,Consumo Industrial,3057743.0,3747764.0
526,2013,Sevilla,Consumo Doméstico  Comercial,690021.0,3747764.0
527,2013,Huesca,Consumo Industrial,2917802.0,3357259.0
528,2013,Huesca,Consumo Doméstico  Comercial,439457.0,3357259.0
529,2013,Teruel,Consumo eléctrico,331739.0,1733112.0
530,2013,Teruel,Consumo Industrial,1167836.0,1733112.0
531,2013,Teruel,Consumo Doméstico  Comercial,233537.0,1733112.0
532,2013,Zaragoza,Consumo eléctrico,26361.0,11251787.0
533,2013,Zaragoza,Consumo Industrial,9093149.0,11251787.0
534,2013,Zaragoza,Consumo Doméstico  Comercial,2132277.0,11251787.0
535,2013,Asturias,Consumo eléctrico,676913.0,7241890.0
536,2013,Asturias,Consumo Industrial,4474905.0,7241890.0
537,2013,Asturias,Consumo Doméstico  Comercial,2090072.0,7241890.0
538,2013,"Balears, Illes",Consumo eléctrico,2763515.0,3522460.0
539,2013,"Balears, Illes",Consumo Industrial,32513.0,3522460.0
540,2013,"Balears, Illes",Consumo Doméstico  Comercial,726432.0,3522460.0
541,2013,Cantabria,Consumo Industrial,4697296.0,5706436.0
542,2013,Cantabria,Consumo Doméstico  Comercial,1009140.0,5706436.0
543,2013,Albacete,Consumo Industrial,786277.0,1282083.0
544,2013,Albacete,Consumo Doméstico  Comercial,495806.0,1282083.0
545,2013,Ciudad Real,Consumo eléctrico,439739.0,9935993.0
546,2013,Ciudad Real,Consumo Industrial,8936995.0,9935993.0
547,2013,Ciudad Real,Consumo Doméstico  Comercial,559259.0,9935993.0
548,2013,Cuenca,Consumo Industrial,450288.0,647532.0
549,2013,Cuenca,Consumo Doméstico  Comercial,197244.0,647532.0
550,2013,Guadalajara,Consumo Industrial,1053248.0,1506938.0
551,2013,Guadalajara,Consumo Doméstico  Comercial,453690.0,1506938.0
552,2013,Toledo,Consumo eléctrico,2381884.0,5076881.0
553,2013,Toledo,Consumo Industrial,1964608.0,5076881.0
554,2013,Toledo,Consumo Doméstico  Comercial,730389.0,5076881.0
555,2013,Ávila,Consumo Industrial,27009.0,301096.0
556,2013,Ávila,Consumo Doméstico  Comercial,274087.0,301096.0
557,2013,Burgos,Consumo Industrial,4622482.0,5725902.0
558,2013,Burgos,Consumo Doméstico  Comercial,1103420.0,5725902.0
559,2013,León,Consumo Industrial,1669409.0,2486793.0
560,2013,León,Consumo Doméstico  Comercial,817384.0,2486793.0
561,2013,Palencia,Consumo Industrial,2043951.0,2535334.0
562,2013,Palencia,Consumo Doméstico  Comercial,491383.0,2535334.0
563,2013,Salamanca,Consumo Industrial,1208143.0,1900187.0
564,2013,Salamanca,Consumo Doméstico  Comercial,692044.0,1900187.0
565,2013,Segovia,Consumo Industrial,858490.0,1108530.0
566,2013,Segovia,Consumo Doméstico  Comercial,250040.0,1108530.0
567,2013,Soria,Consumo Industrial,1866434.0,2063958.0
568,2013,Soria,Consumo Doméstico  Comercial,197524.0,2063958.0
569,2013,Valladolid,Consumo Industrial,2796383.0,4738859.0
570,2013,Valladolid,Consumo Doméstico  Comercial,1942476.0,4738859.0
571,2013,Zamora,Consumo Industrial,559136.0,884427.0
572,2013,Zamora,Consumo Doméstico  Comercial,325291.0,884427.0
573,2013,Barcelona,Consumo eléctrico,10481278.0,38317788.0
574,2013,Barcelona,Consumo Industrial,15481992.0,38317788.0
575,2013,Barcelona,Consumo Doméstico  Comercial,12354518.0,38317788.0
576,2013,Girona,Consumo Industrial,3169839.0,4902041.0
577,2013,Girona,Consumo Doméstico  Comercial,1732202.0,4902041.0
578,2013,Lleida,Consumo Industrial,5072049.0,5913112.0
579,2013,Lleida,Consumo Doméstico  Comercial,841063.0,5913112.0
580,2013,Tarragona,Consumo eléctrico,2945025.0,20733708.0
581,2013,Tarragona,Consumo Industrial,16636062.0,20733708.0
582,2013,Tarragona,Consumo Doméstico  Comercial,1152621.0,20733708.0
583,2013,Badajoz,Consumo Industrial,1566496.0,2039982.0
584,2013,Badajoz,Consumo Doméstico  Comercial,473486.0,2039982.0
585,2013,Cáceres,Consumo Industrial,341734.0,551067.0
586,2013,Cáceres,Consumo Doméstico  Comercial,209333.0,551067.0
587,2013,"Coruña, A",Consumo eléctrico,2551792.0,10012308.0
588,2013,"Coruña, A",Consumo Industrial,6663605.0,10012308.0
589,2013,"Coruña, A",Consumo Doméstico  Comercial,796911.0,10012308.0
590,2013,Lugo,Consumo Industrial,863560.0,1066145.0
591,2013,Lugo,Consumo Doméstico  Comercial,202585.0,1066145.0
592,2013,Ourense,Consumo Industrial,562220.0,719525.0
593,2013,Ourense,Consumo Doméstico  Comercial,157305.0,719525.0
594,2013,Pontevedra,Consumo Industrial,512056.0,1036579.0
595,2013,Pontevedra,Consumo Doméstico  Comercial,524523.0,1036579.0
596,2013,"Rioja, La",Consumo eléctrico,831252.0,2582432.0
597,2013,"Rioja, La",Consumo Industrial,784791.0,2582432.0
598,2013,"Rioja, La",Consumo Doméstico  Comercial,966389.0,2582432.0
599,2013,Madrid,Consumo Industrial,6391907.0,24481828.0
600,2013,Madrid,Consumo Doméstico  Comercial,18089921.0,24481828.0
601,2013,Murcia,Consumo eléctrico,4935728.0,22653649.0
602,2013,Murcia,Consumo Industrial,17161879.0,22653649.0
603,2013,Murcia,Consumo Doméstico  Comercial,556042.0,22653649.0
604,2013,Navarra,Consumo eléctrico,807925.0,8522258.0
605,2013,Navarra,Consumo Industrial,5568130.0,8522258.0
606,2013,Navarra,Consumo Doméstico  Comercial,2146203.0,8522258.0
607,2013,Araba/Álava,Consumo Industrial,3320839.0,4492885.0
608,2013,Araba/Álava,Consumo Doméstico  Comercial,1172046.0,4492885.0
609,2013,Gipuzkoa,Consumo Industrial,5426177.0,7152613.0
610,2013,Gipuzkoa,Consumo Doméstico  Comercial,1726436.0,7152613.0
611,2013,Bizkaia,Consumo eléctrico,6784633.0,19239432.0
612,2013,Bizkaia,Consumo Industrial,10286934.0,19239432.0
613,2013,Bizkaia,Consumo Doméstico  Comercial,2167865.0,19239432.0
614,2013,Alicante/Alacant,Consumo Industrial,1293241.0,1826533.0
615,2013,Alicante/Alacant,Consumo Doméstico  Comercial,533292.0,1826533.0
616,2013,Castellón/Castelló,Consumo eléctrico,1332089.0,18446835.0
617,2013,Castellón/Castelló,Consumo Industrial,16684053.0,18446835.0
618,2013,Castellón/Castelló,Consumo Doméstico  Comercial,430693.0,18446835.0
619,2013,Valencia/València,Consumo eléctrico,7062259.0,13961218.0
620,2013,Valencia/València,Consumo Industrial,4790358.0,13961218.0
621,2013,Valencia/València,Consumo Doméstico  Comercial,2108601.0,13961218.0
622,2013,Santa Cruz de Tenerife,Consumo Industrial,305.0,305.0
623,2014,Almería,Consumo Industrial,458098.0,556704.0
624,2014,Almería,Consumo Doméstico  Comercial,98606.0,556704.0
625,2014,Cádiz,Consumo eléctrico,5390330.0,12904731.0
626,2014,Cádiz,Consumo Industrial,7336402.0,12904731.0
627,2014,Cádiz,Consumo Doméstico  Comercial,177999.0,12904731.0
628,2014,Córdoba,Consumo Industrial,1555359.0,1795469.0
629,2014,Córdoba,Consumo Doméstico  Comercial,240110.0,1795469.0
630,2014,Granada,Consumo Industrial,1554397.0,1934760.0
631,2014,Granada,Consumo Doméstico  Comercial,380363.0,1934760.0
632,2014,Huelva,Consumo eléctrico,1688759.0,15634551.0
633,2014,Huelva,Consumo Industrial,13850641.0,15634551.0
634,2014,Huelva,Consumo Doméstico  Comercial,95151.0,15634551.0
635,2014,Jaén,Consumo Industrial,2726753.0,2873700.0
636,2014,Jaén,Consumo Doméstico  Comercial,146947.0,2873700.0
637,2014,Málaga,Consumo eléctrico,2519307.0,4311804.0
638,2014,Málaga,Consumo Industrial,1395185.0,4311804.0
639,2014,Málaga,Consumo Doméstico  Comercial,397312.0,4311804.0
640,2014,Sevilla,Consumo Industrial,2936579.0,3538669.0
641,2014,Sevilla,Consumo Doméstico  Comercial,602090.0,3538669.0
642,2014,Huesca,Consumo Industrial,1651254.0,2038596.0
643,2014,Huesca,Consumo Doméstico  Comercial,387342.0,2038596.0
644,2014,Teruel,Consumo eléctrico,500382.0,1417754.0
645,2014,Teruel,Consumo Industrial,707356.0,1417754.0
646,2014,Teruel,Consumo Doméstico  Comercial,210016.0,1417754.0
647,2014,Zaragoza,Consumo eléctrico,194869.0,11070463.0
648,2014,Zaragoza,Consumo Industrial,8865985.0,11070463.0
649,2014,Zaragoza,Consumo Doméstico  Comercial,2009609.0,11070463.0
650,2014,Asturias,Consumo eléctrico,684493.0,7505176.0
651,2014,Asturias,Consumo Industrial,4903599.0,7505176.0
652,2014,Asturias,Consumo Doméstico  Comercial,1917084.0,7505176.0
653,2014,"Balears, Illes",Consumo eléctrico,3528343.0,4265893.0
654,2014,"Balears, Illes",Consumo Industrial,32388.0,4265893.0
655,2014,"Balears, Illes",Consumo Doméstico  Comercial,705162.0,4265893.0
656,2014,Cantabria,Consumo Industrial,4034796.0,4968940.0
657,2014,Cantabria,Consumo Doméstico  Comercial,934144.0,4968940.0
658,2014,Albacete,Consumo Industrial,708400.0,1135107.0
659,2014,Albacete,Consumo Doméstico  Comercial,426707.0,1135107.0
660,2014,Ciudad Real,Consumo eléctrico,458866.0,9228719.0
661,2014,Ciudad Real,Consumo Industrial,8253053.0,9228719.0
662,2014,Ciudad Real,Consumo Doméstico  Comercial,516800.0,9228719.0
663,2014,Cuenca,Consumo Industrial,250156.0,437924.0
664,2014,Cuenca,Consumo Doméstico  Comercial,187768.0,437924.0
665,2014,Guadalajara,Consumo Industrial,965530.0,1386878.0
666,2014,Guadalajara,Consumo Doméstico  Comercial,421348.0,1386878.0
667,2014,Toledo,Consumo eléctrico,2343837.0,4139550.0
668,2014,Toledo,Consumo Industrial,1141300.0,4139550.0
669,2014,Toledo,Consumo Doméstico  Comercial,654413.0,4139550.0
670,2014,Ávila,Consumo Industrial,123343.0,381103.0
671,2014,Ávila,Consumo Doméstico  Comercial,257760.0,381103.0
672,2014,Burgos,Consumo Industrial,4124258.0,5120936.0
673,2014,Burgos,Consumo Doméstico  Comercial,996678.0,5120936.0
674,2014,León,Consumo Industrial,1300837.0,2073276.0
675,2014,León,Consumo Doméstico  Comercial,772439.0,2073276.0
676,2014,Palencia,Consumo Industrial,1292481.0,1759073.0
677,2014,Palencia,Consumo Doméstico  Comercial,466592.0,1759073.0
678,2014,Salamanca,Consumo Industrial,1274701.0,1946225.0
679,2014,Salamanca,Consumo Doméstico  Comercial,671524.0,1946225.0
680,2014,Segovia,Consumo Industrial,759055.0,992767.0
681,2014,Segovia,Consumo Doméstico  Comercial,233712.0,992767.0
682,2014,Soria,Consumo Industrial,560740.0,799342.0
683,2014,Soria,Consumo Doméstico  Comercial,238602.0,799342.0
684,2014,Valladolid,Consumo Industrial,1989116.0,3724867.0
685,2014,Valladolid,Consumo Doméstico  Comercial,1735751.0,3724867.0
686,2014,Zamora,Consumo Industrial,416981.0,710419.0
687,2014,Zamora,Consumo Doméstico  Comercial,293438.0,710419.0
688,2014,Barcelona,Consumo eléctrico,10372062.0,35552264.0
689,2014,Barcelona,Consumo Industrial,13642304.0,35552264.0
690,2014,Barcelona,Consumo Doméstico  Comercial,11537898.0,35552264.0
691,2014,Girona,Consumo Industrial,2785600.0,4391081.0
692,2014,Girona,Consumo Doméstico  Comercial,1605481.0,4391081.0
693,2014,Lleida,Consumo Industrial,3127908.0,3899940.0
694,2014,Lleida,Consumo Doméstico  Comercial,772032.0,3899940.0
695,2014,Tarragona,Consumo eléctrico,1544583.0,19214100.0
696,2014,Tarragona,Consumo Industrial,16525908.0,19214100.0
697,2014,Tarragona,Consumo Doméstico  Comercial,1143609.0,19214100.0
698,2014,Badajoz,Consumo Industrial,1738888.0,2081879.0
699,2014,Badajoz,Consumo Doméstico  Comercial,342991.0,2081879.0
700,2014,Cáceres,Consumo Industrial,341265.0,527310.0
701,2014,Cáceres,Consumo Doméstico  Comercial,186045.0,527310.0
702,2014,"Coruña, A",Consumo eléctrico,1276834.0,8225030.0
703,2014,"Coruña, A",Consumo Industrial,6119669.0,8225030.0
704,2014,"Coruña, A",Consumo Doméstico  Comercial,828527.0,8225030.0
705,2014,Lugo,Consumo Industrial,1455343.0,1670778.0
706,2014,Lugo,Consumo Doméstico  Comercial,215435.0,1670778.0
707,2014,Ourense,Consumo Industrial,277223.0,431155.0
708,2014,Ourense,Consumo Doméstico  Comercial,153932.0,431155.0
709,2014,Pontevedra,Consumo Industrial,502134.0,1062865.0
710,2014,Pontevedra,Consumo Doméstico  Comercial,560731.0,1062865.0
711,2014,"Rioja, La",Consumo eléctrico,350557.0,1831950.0
712,2014,"Rioja, La",Consumo Industrial,578294.0,1831950.0
713,2014,"Rioja, La",Consumo Doméstico  Comercial,903099.0,1831950.0
714,2014,Madrid,Consumo eléctrico,0.0,21350455.0
715,2014,Madrid,Consumo Industrial,4913403.0,21350455.0
716,2014,Madrid,Consumo Doméstico  Comercial,16437052.0,21350455.0
717,2014,Murcia,Consumo eléctrico,5003978.0,22398050.0
718,2014,Murcia,Consumo Industrial,16835842.0,22398050.0
719,2014,Murcia,Consumo Doméstico  Comercial,558230.0,22398050.0
720,2014,Navarra,Consumo eléctrico,854502.0,7449987.0
721,2014,Navarra,Consumo Industrial,4613370.0,7449987.0
722,2014,Navarra,Consumo Doméstico  Comercial,1982115.0,7449987.0
723,2014,Araba/Álava,Consumo Industrial,2988966.0,4081938.0
724,2014,Araba/Álava,Consumo Doméstico  Comercial,1092972.0,4081938.0
725,2014,Gipuzkoa,Consumo Industrial,4354961.0,5951668.0
726,2014,Gipuzkoa,Consumo Doméstico  Comercial,1596707.0,5951668.0
727,2014,Bizkaia,Consumo eléctrico,6403584.0,18496606.0
728,2014,Bizkaia,Consumo Industrial,10160062.0,18496606.0
729,2014,Bizkaia,Consumo Doméstico  Comercial,1932960.0,18496606.0
730,2014,Alicante/Alacant,Consumo Industrial,1268265.0,1793784.0
731,2014,Alicante/Alacant,Consumo Doméstico  Comercial,525519.0,1793784.0
732,2014,Castellón/Castelló,Consumo eléctrico,846352.0,18332720.0
733,2014,Castellón/Castelló,Consumo Industrial,17064471.0,18332720.0
734,2014,Castellón/Castelló,Consumo Doméstico  Comercial,421897.0,18332720.0
735,2014,Valencia/València,Consumo eléctrico,7672851.0,14311966.0
736,2014,Valencia/València,Consumo Industrial,4669177.0,14311966.0
737,2014,Valencia/València,Consumo Doméstico  Comercial,1969938.0,14311966.0
738,2014,Santa Cruz de Tenerife,Consumo Industrial,0.0,1.0
739,2014,Santa Cruz de Tenerife,Consumo Doméstico  Comercial,1.0,1.0
740,2015,Almería,Consumo Industrial,521412.0,614453.0
741,2015,Almería,Consumo Doméstico  Comercial,93041.0,614453.0
742,2015,Cádiz,Consumo eléctrico,7483452.0,16397803.0
743,2015,Cádiz,Consumo Industrial,8724615.0,16397803.0
744,2015,Cádiz,Consumo Doméstico  Comercial,189736.0,16397803.0
745,2015,Córdoba,Consumo Industrial,1606889.0,1848621.0
746,2015,Córdoba,Consumo Doméstico  Comercial,241732.0,1848621.0
747,2015,Granada,Consumo Industrial,1683029.0,2072939.0
748,2015,Granada,Consumo Doméstico  Comercial,389910.0,2072939.0
749,2015,Huelva,Consumo eléctrico,1287559.0,12281163.0
750,2015,Huelva,Consumo Industrial,10898274.0,12281163.0
751,2015,Huelva,Consumo Doméstico  Comercial,95330.0,12281163.0
752,2015,Jaén,Consumo Industrial,3042060.0,3190660.0
753,2015,Jaén,Consumo Doméstico  Comercial,148600.0,3190660.0
754,2015,Málaga,Consumo eléctrico,3780080.0,5130670.0
755,2015,Málaga,Consumo Industrial,926806.0,5130670.0
756,2015,Málaga,Consumo Doméstico  Comercial,423784.0,5130670.0
757,2015,Sevilla,Consumo Industrial,2714592.0,3325269.0
758,2015,Sevilla,Consumo Doméstico  Comercial,610677.0,3325269.0
759,2015,Huesca,Consumo Industrial,2002048.0,2412805.0
760,2015,Huesca,Consumo Doméstico  Comercial,410757.0,2412805.0
761,2015,Teruel,Consumo eléctrico,445444.0,1135131.0
762,2015,Teruel,Consumo Industrial,449601.0,1135131.0
763,2015,Teruel,Consumo Doméstico  Comercial,240086.0,1135131.0
764,2015,Zaragoza,Consumo eléctrico,141339.0,11435714.0
765,2015,Zaragoza,Consumo Industrial,9106178.0,11435714.0
766,2015,Zaragoza,Consumo Doméstico  Comercial,2188197.0,11435714.0
767,2015,Asturias,Consumo eléctrico,820783.0,7717236.0
768,2015,Asturias,Consumo Industrial,4879407.0,7717236.0
769,2015,Asturias,Consumo Doméstico  Comercial,2017046.0,7717236.0
770,2015,"Balears, Illes",Consumo eléctrico,4509754.0,5353698.0
771,2015,"Balears, Illes",Consumo Industrial,73500.0,5353698.0
772,2015,"Balears, Illes",Consumo Doméstico  Comercial,770444.0,5353698.0
773,2015,Cantabria,Consumo Industrial,3626650.0,4652687.0
774,2015,Cantabria,Consumo Doméstico  Comercial,1026037.0,4652687.0
775,2015,Albacete,Consumo Industrial,745327.0,1200849.0
776,2015,Albacete,Consumo Doméstico  Comercial,455522.0,1200849.0
777,2015,Ciudad Real,Consumo eléctrico,350701.0,8926335.0
778,2015,Ciudad Real,Consumo Industrial,8044805.0,8926335.0
779,2015,Ciudad Real,Consumo Doméstico  Comercial,530829.0,8926335.0
780,2015,Cuenca,Consumo Industrial,125656.0,323013.0
781,2015,Cuenca,Consumo Doméstico  Comercial,197357.0,323013.0
782,2015,Guadalajara,Consumo Industrial,962645.0,1395719.0
783,2015,Guadalajara,Consumo Doméstico  Comercial,433074.0,1395719.0
784,2015,Toledo,Consumo eléctrico,2938333.0,4773077.0
785,2015,Toledo,Consumo Industrial,1110639.0,4773077.0
786,2015,Toledo,Consumo Doméstico  Comercial,724105.0,4773077.0
787,2015,Ávila,Consumo Industrial,55943.0,318479.0
788,2015,Ávila,Consumo Doméstico  Comercial,262536.0,318479.0
789,2015,Burgos,Consumo Industrial,3886635.0,4965205.0
790,2015,Burgos,Consumo Doméstico  Comercial,1078570.0,4965205.0
791,2015,León,Consumo Industrial,1328396.0,2112643.0
792,2015,León,Consumo Doméstico  Comercial,784247.0,2112643.0
793,2015,Palencia,Consumo Industrial,1833640.0,2322901.0
794,2015,Palencia,Consumo Doméstico  Comercial,489261.0,2322901.0
795,2015,Salamanca,Consumo Industrial,1254624.0,1945097.0
796,2015,Salamanca,Consumo Doméstico  Comercial,690473.0,1945097.0
797,2015,Segovia,Consumo Industrial,739500.0,973459.0
798,2015,Segovia,Consumo Doméstico  Comercial,233959.0,973459.0
799,2015,Soria,Consumo Industrial,296498.0,528041.0
800,2015,Soria,Consumo Doméstico  Comercial,231543.0,528041.0
801,2015,Valladolid,Consumo Industrial,2310305.0,4088798.0
802,2015,Valladolid,Consumo Doméstico  Comercial,1778493.0,4088798.0
803,2015,Zamora,Consumo Industrial,256565.0,573127.0
804,2015,Zamora,Consumo Doméstico  Comercial,316562.0,573127.0
805,2015,Barcelona,Consumo eléctrico,12952276.0,38083195.0
806,2015,Barcelona,Consumo Industrial,13384564.0,38083195.0
807,2015,Barcelona,Consumo Doméstico  Comercial,11746355.0,38083195.0
808,2015,Girona,Consumo Industrial,2528294.0,4179810.0
809,2015,Girona,Consumo Doméstico  Comercial,1651516.0,4179810.0
810,2015,Lleida,Consumo Industrial,2961300.0,3768667.0
811,2015,Lleida,Consumo Doméstico  Comercial,807367.0,3768667.0
812,2015,Tarragona,Consumo eléctrico,2513117.0,19808244.0
813,2015,Tarragona,Consumo Industrial,16116587.0,19808244.0
814,2015,Tarragona,Consumo Doméstico  Comercial,1178540.0,19808244.0
815,2015,Badajoz,Consumo Industrial,1804295.0,2155824.0
816,2015,Badajoz,Consumo Doméstico  Comercial,351529.0,2155824.0
817,2015,Cáceres,Consumo Industrial,187965.0,371422.0
818,2015,Cáceres,Consumo Doméstico  Comercial,183457.0,371422.0
819,2015,"Coruña, A",Consumo eléctrico,833196.0,7950714.0
820,2015,"Coruña, A",Consumo Industrial,6277311.0,7950714.0
821,2015,"Coruña, A",Consumo Doméstico  Comercial,840207.0,7950714.0
822,2015,Lugo,Consumo Industrial,3655051.0,3887209.0
823,2015,Lugo,Consumo Doméstico  Comercial,232158.0,3887209.0
824,2015,Ourense,Consumo Industrial,239413.0,400276.0
825,2015,Ourense,Consumo Doméstico  Comercial,160863.0,400276.0
826,2015,Pontevedra,Consumo Industrial,518865.0,1084088.0
827,2015,Pontevedra,Consumo Doméstico  Comercial,565223.0,1084088.0
828,2015,"Rioja, La",Consumo eléctrico,1215165.0,2830632.0
829,2015,"Rioja, La",Consumo Industrial,669270.0,2830632.0
830,2015,"Rioja, La",Consumo Doméstico  Comercial,946197.0,2830632.0
831,2015,Madrid,Consumo eléctrico,0.0,21111354.0
832,2015,Madrid,Consumo Industrial,4781128.0,21111354.0
833,2015,Madrid,Consumo Doméstico  Comercial,16330226.0,21111354.0
834,2015,Murcia,Consumo eléctrico,4339563.0,23525355.0
835,2015,Murcia,Consumo Industrial,18575613.0,23525355.0
836,2015,Murcia,Consumo Doméstico  Comercial,610179.0,23525355.0
837,2015,Navarra,Consumo eléctrico,1517035.0,8425458.0
838,2015,Navarra,Consumo Industrial,4817065.0,8425458.0
839,2015,Navarra,Consumo Doméstico  Comercial,2091358.0,8425458.0
840,2015,Araba/Álava,Consumo Industrial,3373079.0,4532819.0
841,2015,Araba/Álava,Consumo Doméstico  Comercial,1159740.0,4532819.0
842,2015,Gipuzkoa,Consumo Industrial,5033951.0,6813679.0
843,2015,Gipuzkoa,Consumo Doméstico  Comercial,1779728.0,6813679.0
844,2015,Bizkaia,Consumo eléctrico,5255799.0,16434740.0
845,2015,Bizkaia,Consumo Industrial,9035610.0,16434740.0
846,2015,Bizkaia,Consumo Doméstico  Comercial,2143331.0,16434740.0
847,2015,Alicante/Alacant,Consumo Industrial,1122205.0,1707239.0
848,2015,Alicante/Alacant,Consumo Doméstico  Comercial,585034.0,1707239.0
849,2015,Castellón/Castelló,Consumo eléctrico,2902822.0,20874277.0
850,2015,Castellón/Castelló,Consumo Industrial,17536654.0,20874277.0
851,2015,Castellón/Castelló,Consumo Doméstico  Comercial,434801.0,20874277.0
852,2015,Valencia/València,Consumo eléctrico,7576005.0,14316949.0
853,2015,Valencia/València,Consumo Industrial,4578320.0,14316949.0
854,2015,Valencia/València,Consumo Doméstico  Comercial,2162624.0,14316949.0
855,2015,"Palmas, Las",Consumo Industrial,0.0,3.0
856,2015,"Palmas, Las",Consumo Doméstico  Comercial,3.0,3.0
857,2015,Santa Cruz de Tenerife,Consumo Industrial,0.0,5.0
858,2015,Santa Cruz de Tenerife,Consumo Doméstico  Comercial,5.0,5.0
859,2015,Ceuta,Consumo Industrial,0.0,0.0
860,2015,Ceuta,Consumo Doméstico  Comercial,0.0,0.0
861,2015,Melilla,Consumo Industrial,0.0,0.0
862,2015,Melilla,Consumo Doméstico  Comercial,0.0,0.0
863,2016,Almería,Consumo Industrial,690898.0,789701.0
864,2016,Almería,Consumo Doméstico  Comercial,98803.0,789701.0
865,2016,Cádiz,Consumo eléctrico,9362885.0,19031946.0
866,2016,Cádiz,Consumo Industrial,9448990.0,19031946.0
867,2016,Cádiz,Consumo Doméstico  Comercial,220071.0,19031946.0
868,2016,Córdoba,Consumo Industrial,1618261.0,1873385.0
869,2016,Córdoba,Consumo Doméstico  Comercial,255124.0,1873385.0
870,2016,Granada,Consumo Industrial,1691614.0,2134968.0
871,2016,Granada,Consumo Doméstico  Comercial,443354.0,2134968.0
872,2016,Huelva,Consumo eléctrico,146145.0,12338008.0
873,2016,Huelva,Consumo Industrial,12092266.0,12338008.0
874,2016,Huelva,Consumo Doméstico  Comercial,99597.0,12338008.0
875,2016,Jaén,Consumo Industrial,3127308.0,3284598.0
876,2016,Jaén,Consumo Doméstico  Comercial,157290.0,3284598.0
877,2016,Málaga,Consumo eléctrico,3623401.0,5014269.0
878,2016,Málaga,Consumo Industrial,962957.0,5014269.0
879,2016,Málaga,Consumo Doméstico  Comercial,427911.0,5014269.0
880,2016,Sevilla,Consumo Industrial,3010917.0,3664280.0
881,2016,Sevilla,Consumo Doméstico  Comercial,653363.0,3664280.0
882,2016,Huesca,Consumo Industrial,2132715.0,2585836.0
883,2016,Huesca,Consumo Doméstico  Comercial,453121.0,2585836.0
884,2016,Teruel,Consumo eléctrico,483886.0,1470641.0
885,2016,Teruel,Consumo Industrial,715291.0,1470641.0
886,2016,Teruel,Consumo Doméstico  Comercial,271464.0,1470641.0
887,2016,Zaragoza,Consumo eléctrico,110022.0,10421141.0
888,2016,Zaragoza,Consumo Industrial,7977206.0,10421141.0
889,2016,Zaragoza,Consumo Doméstico  Comercial,2333913.0,10421141.0
890,2016,Asturias,Consumo eléctrico,764382.0,8133884.0
891,2016,Asturias,Consumo Industrial,5333251.0,8133884.0
892,2016,Asturias,Consumo Doméstico  Comercial,2036251.0,8133884.0
893,2016,"Balears, Illes",Consumo eléctrico,3213255.0,4087946.0
894,2016,"Balears, Illes",Consumo Industrial,40835.0,4087946.0
895,2016,"Balears, Illes",Consumo Doméstico  Comercial,833856.0,4087946.0
896,2016,Cantabria,Consumo Industrial,3929533.0,4969996.0
897,2016,Cantabria,Consumo Doméstico  Comercial,1040463.0,4969996.0
898,2016,Albacete,Consumo Industrial,781382.0,1253692.0
899,2016,Albacete,Consumo Doméstico  Comercial,472310.0,1253692.0
900,2016,Ciudad Real,Consumo Industrial,7904606.0,8482553.0
901,2016,Ciudad Real,Consumo Doméstico  Comercial,577947.0,8482553.0
902,2016,Cuenca,Consumo Industrial,475372.0,696078.0
903,2016,Cuenca,Consumo Doméstico  Comercial,220706.0,696078.0
904,2016,Guadalajara,Consumo Industrial,926858.0,1407206.0
905,2016,Guadalajara,Consumo Doméstico  Comercial,480348.0,1407206.0
906,2016,Toledo,Consumo eléctrico,2835643.0,5034835.0
907,2016,Toledo,Consumo Industrial,1410245.0,5034835.0
908,2016,Toledo,Consumo Doméstico  Comercial,788947.0,5034835.0
909,2016,Ávila,Consumo Industrial,54457.0,321588.0
910,2016,Ávila,Consumo Doméstico  Comercial,267131.0,321588.0
911,2016,Burgos,Consumo Industrial,4029280.0,5168466.0
912,2016,Burgos,Consumo Doméstico  Comercial,1139186.0,5168466.0
913,2016,León,Consumo Industrial,1320428.0,2189523.0
914,2016,León,Consumo Doméstico  Comercial,869095.0,2189523.0
915,2016,Palencia,Consumo Industrial,1558881.0,2066474.0
916,2016,Palencia,Consumo Doméstico  Comercial,507593.0,2066474.0
917,2016,Salamanca,Consumo Industrial,657812.0,1409491.0
918,2016,Salamanca,Consumo Doméstico  Comercial,751679.0,1409491.0
919,2016,Segovia,Consumo Industrial,790887.0,1057854.0
920,2016,Segovia,Consumo Doméstico  Comercial,266967.0,1057854.0
921,2016,Soria,Consumo Industrial,612602.0,891847.0
922,2016,Soria,Consumo Doméstico  Comercial,279245.0,891847.0
923,2016,Valladolid,Consumo Industrial,2311831.0,4206674.0
924,2016,Valladolid,Consumo Doméstico  Comercial,1894843.0,4206674.0
925,2016,Zamora,Consumo Industrial,471873.0,821001.0
926,2016,Zamora,Consumo Doméstico  Comercial,349128.0,821001.0
927,2016,Barcelona,Consumo eléctrico,12635184.0,38105832.0
928,2016,Barcelona,Consumo Industrial,13608749.0,38105832.0
929,2016,Barcelona,Consumo Doméstico  Comercial,11861899.0,38105832.0
930,2016,Girona,Consumo Industrial,2550081.0,4425694.0
931,2016,Girona,Consumo Doméstico  Comercial,1875613.0,4425694.0
932,2016,Lleida,Consumo Industrial,3509390.0,4384988.0
933,2016,Lleida,Consumo Doméstico  Comercial,875598.0,4384988.0
934,2016,Tarragona,Consumo eléctrico,3034151.0,19578694.0
935,2016,Tarragona,Consumo Industrial,15369427.0,19578694.0
936,2016,Tarragona,Consumo Doméstico  Comercial,1175116.0,19578694.0
937,2016,Badajoz,Consumo Industrial,1829252.0,2232722.0
938,2016,Badajoz,Consumo Doméstico  Comercial,403470.0,2232722.0
939,2016,Cáceres,Consumo Industrial,205733.0,416125.0
940,2016,Cáceres,Consumo Doméstico  Comercial,210392.0,416125.0
941,2016,"Coruña, A",Consumo eléctrico,1176223.0,9585786.0
942,2016,"Coruña, A",Consumo Industrial,7498721.0,9585786.0
943,2016,"Coruña, A",Consumo Doméstico  Comercial,910842.0,9585786.0
944,2016,Lugo,Consumo Industrial,3768941.0,4019852.0
945,2016,Lugo,Consumo Doméstico  Comercial,250911.0,4019852.0
946,2016,Ourense,Consumo Industrial,269001.0,443739.0
947,2016,Ourense,Consumo Doméstico  Comercial,174738.0,443739.0
948,2016,Pontevedra,Consumo Industrial,533935.0,1181245.0
949,2016,Pontevedra,Consumo Doméstico  Comercial,647310.0,1181245.0
950,2016,"Rioja, La",Consumo eléctrico,2082216.0,3774399.0
951,2016,"Rioja, La",Consumo Industrial,657840.0,3774399.0
952,2016,"Rioja, La",Consumo Doméstico  Comercial,1034343.0,3774399.0
953,2016,Madrid,Consumo eléctrico,0.0,23066055.0
954,2016,Madrid,Consumo Industrial,4728147.0,23066055.0
955,2016,Madrid,Consumo Doméstico  Comercial,18337908.0,23066055.0
956,2016,Murcia,Consumo eléctrico,2279647.0,19105107.0
957,2016,Murcia,Consumo Industrial,16241815.0,19105107.0
958,2016,Murcia,Consumo Doméstico  Comercial,583645.0,19105107.0
959,2016,Navarra,Consumo eléctrico,2610682.0,10001438.0
960,2016,Navarra,Consumo Industrial,5170342.0,10001438.0
961,2016,Navarra,Consumo Doméstico  Comercial,2220414.0,10001438.0
962,2016,Araba/Álava,Consumo Industrial,3396976.0,4625143.0
963,2016,Araba/Álava,Consumo Doméstico  Comercial,1228167.0,4625143.0
964,2016,Gipuzkoa,Consumo Industrial,4669426.0,6415625.0
965,2016,Gipuzkoa,Consumo Doméstico  Comercial,1746199.0,6415625.0
966,2016,Bizkaia,Consumo eléctrico,4121134.0,15160246.0
967,2016,Bizkaia,Consumo Industrial,8879711.0,15160246.0
968,2016,Bizkaia,Consumo Doméstico  Comercial,2159401.0,15160246.0
969,2016,Alicante/Alacant,Consumo Industrial,1295871.0,1944406.0
970,2016,Alicante/Alacant,Consumo Doméstico  Comercial,648535.0,1944406.0
971,2016,Castellón/Castelló,Consumo eléctrico,3510489.0,24387713.0
972,2016,Castellón/Castelló,Consumo Industrial,20403083.0,24387713.0
973,2016,Castellón/Castelló,Consumo Doméstico  Comercial,474141.0,24387713.0
974,2016,Valencia/València,Consumo eléctrico,6484039.0,13344552.0
975,2016,Valencia/València,Consumo Industrial,3663670.0,13344552.0
976,2016,Valencia/València,Consumo Doméstico  Comercial,3196843.0,13344552.0
977,2016,"Palmas, Las",Consumo Industrial,1862.0,1866.0
978,2016,"Palmas, Las",Consumo Doméstico  Comercial,4.0,1866.0
979,2016,Santa Cruz de Tenerife,Consumo Industrial,0.0,1.0
980,2016,Santa Cruz de Tenerife,Consumo Doméstico  Comercial,1.0,1.0
981,2016,Ceuta,Consumo Industrial,0.0,0.0
982,2016,Ceuta,Consumo Doméstico  Comercial,0.0,0.0
983,2016,Melilla,Consumo Industrial,0.0,0.0
984,2016,Melilla,Consumo Doméstico  Comercial,0.0,0.0
985,2017,Almería,Consumo eléctrico,0.0,888726.0
986,2017,Almería,Consumo Industrial,749033.0,888726.0
987,2017,Almería,Consumo Doméstico  Comercial,139693.0,888726.0
988,2017,Cádiz,Consumo eléctrico,13394879.0,20750971.0
989,2017,Cádiz,Consumo Industrial,7132346.0,20750971.0
990,2017,Cádiz,Consumo Doméstico  Comercial,223746.0,20750971.0
991,2017,Córdoba,Consumo eléctrico,0.0,1923194.0
992,2017,Córdoba,Consumo Industrial,1675804.0,1923194.0
993,2017,Córdoba,Consumo Doméstico  Comercial,247390.0,1923194.0
994,2017,Granada,Consumo eléctrico,0.0,2156240.0
995,2017,Granada,Consumo Industrial,1713080.0,2156240.0
996,2017,Granada,Consumo Doméstico  Comercial,443160.0,2156240.0
997,2017,Huelva,Consumo eléctrico,1257449.0,14284831.0
998,2017,Huelva,Consumo Industrial,12925306.0,14284831.0
999,2017,Huelva,Consumo Doméstico  Comercial,102076.0,14284831.0
1000,2017,Jaén,Consumo eléctrico,0.0,3509819.0
1001,2017,Jaén,Consumo Industrial,3334482.0,3509819.0
1002,2017,Jaén,Consumo Doméstico  Comercial,175337.0,3509819.0
1003,2017,Málaga,Consumo eléctrico,3676850.0,5081714.0
1004,2017,Málaga,Consumo Industrial,951949.0,5081714.0
1005,2017,Málaga,Consumo Doméstico  Comercial,452915.0,5081714.0
1006,2017,Sevilla,Consumo eléctrico,0.0,3796808.0
1007,2017,Sevilla,Consumo Industrial,3163129.0,3796808.0
1008,2017,Sevilla,Consumo Doméstico  Comercial,633679.0,3796808.0
1009,2017,Huesca,Consumo eléctrico,0.0,3314109.0
1010,2017,Huesca,Consumo Industrial,2856690.0,3314109.0
1011,2017,Huesca,Consumo Doméstico  Comercial,457419.0,3314109.0
1012,2017,Teruel,Consumo eléctrico,515244.0,2021272.0
1013,2017,Teruel,Consumo Industrial,1229488.0,2021272.0
1014,2017,Teruel,Consumo Doméstico  Comercial,276540.0,2021272.0
1015,2017,Zaragoza,Consumo eléctrico,1894016.0,13541073.0
1016,2017,Zaragoza,Consumo Industrial,9407621.0,13541073.0
1017,2017,Zaragoza,Consumo Doméstico  Comercial,2239436.0,13541073.0
1018,2017,Asturias,Consumo eléctrico,1489858.0,8666316.0
1019,2017,Asturias,Consumo Industrial,5172679.0,8666316.0
1020,2017,Asturias,Consumo Doméstico  Comercial,2003779.0,8666316.0
1021,2017,"Balears, Illes",Consumo eléctrico,3351916.0,4322098.0
1022,2017,"Balears, Illes",Consumo Industrial,105120.0,4322098.0
1023,2017,"Balears, Illes",Consumo Doméstico  Comercial,865062.0,4322098.0
1024,2017,Cantabria,Consumo eléctrico,0.0,5901863.0
1025,2017,Cantabria,Consumo Industrial,4887510.0,5901863.0
1026,2017,Cantabria,Consumo Doméstico  Comercial,1014353.0,5901863.0
1027,2017,Albacete,Consumo eléctrico,0.0,1286717.0
1028,2017,Albacete,Consumo Industrial,786031.0,1286717.0
1029,2017,Albacete,Consumo Doméstico  Comercial,500686.0,1286717.0
1030,2017,Ciudad Real,Consumo eléctrico,0.0,8876575.0
1031,2017,Ciudad Real,Consumo Industrial,8284404.0,8876575.0
1032,2017,Ciudad Real,Consumo Doméstico  Comercial,592171.0,8876575.0
1033,2017,Cuenca,Consumo eléctrico,0.0,867727.0
1034,2017,Cuenca,Consumo Industrial,651698.0,867727.0
1035,2017,Cuenca,Consumo Doméstico  Comercial,216029.0,867727.0
1036,2017,Guadalajara,Consumo eléctrico,0.0,1510118.0
1037,2017,Guadalajara,Consumo Industrial,1073703.0,1510118.0
1038,2017,Guadalajara,Consumo Doméstico  Comercial,436415.0,1510118.0
1039,2017,Toledo,Consumo eléctrico,3413974.0,5955898.0
1040,2017,Toledo,Consumo Industrial,1764097.0,5955898.0
1041,2017,Toledo,Consumo Doméstico  Comercial,777827.0,5955898.0
1042,2017,Ávila,Consumo eléctrico,0.0,288488.0
1043,2017,Ávila,Consumo Industrial,56842.0,288488.0
1044,2017,Ávila,Consumo Doméstico  Comercial,231646.0,288488.0
1045,2017,Burgos,Consumo eléctrico,0.0,6148974.0
1046,2017,Burgos,Consumo Industrial,5034278.0,6148974.0
1047,2017,Burgos,Consumo Doméstico  Comercial,1114696.0,6148974.0
1048,2017,León,Consumo eléctrico,0.0,2453109.0
1049,2017,León,Consumo Industrial,1585381.0,2453109.0
1050,2017,León,Consumo Doméstico  Comercial,867728.0,2453109.0
1051,2017,Palencia,Consumo eléctrico,0.0,2103019.0
1052,2017,Palencia,Consumo Industrial,1529692.0,2103019.0
1053,2017,Palencia,Consumo Doméstico  Comercial,573327.0,2103019.0
1054,2017,Salamanca,Consumo eléctrico,0.0,1580271.0
1055,2017,Salamanca,Consumo Industrial,851424.0,1580271.0
1056,2017,Salamanca,Consumo Doméstico  Comercial,728847.0,1580271.0
1057,2017,Segovia,Consumo eléctrico,0.0,1168671.0
1058,2017,Segovia,Consumo Industrial,920166.0,1168671.0
1059,2017,Segovia,Consumo Doméstico  Comercial,248505.0,1168671.0
1060,2017,Soria,Consumo eléctrico,0.0,1138838.0
1061,2017,Soria,Consumo Industrial,817917.0,1138838.0
1062,2017,Soria,Consumo Doméstico  Comercial,320921.0,1138838.0
1063,2017,Valladolid,Consumo eléctrico,0.0,4326479.0
1064,2017,Valladolid,Consumo Industrial,2549661.0,4326479.0
1065,2017,Valladolid,Consumo Doméstico  Comercial,1776818.0,4326479.0
1066,2017,Zamora,Consumo eléctrico,0.0,878537.0
1067,2017,Zamora,Consumo Industrial,545937.0,878537.0
1068,2017,Zamora,Consumo Doméstico  Comercial,332600.0,878537.0
1069,2017,Barcelona,Consumo eléctrico,13758907.0,39393707.0
1070,2017,Barcelona,Consumo Industrial,13823320.0,39393707.0
1071,2017,Barcelona,Consumo Doméstico  Comercial,11811480.0,39393707.0
1072,2017,Girona,Consumo eléctrico,0.0,4883707.0
1073,2017,Girona,Consumo Industrial,2885739.0,4883707.0
1074,2017,Girona,Consumo Doméstico  Comercial,1997968.0,4883707.0
1075,2017,Lleida,Consumo eléctrico,0.0,5527989.0
1076,2017,Lleida,Consumo Industrial,4453085.0,5527989.0
1077,2017,Lleida,Consumo Doméstico  Comercial,1074904.0,5527989.0
1078,2017,Tarragona,Consumo eléctrico,3779142.0,21044031.0
1079,2017,Tarragona,Consumo Industrial,16075646.0,21044031.0
1080,2017,Tarragona,Consumo Doméstico  Comercial,1189243.0,21044031.0
1081,2017,Badajoz,Consumo eléctrico,0.0,2305483.0
1082,2017,Badajoz,Consumo Industrial,1918854.0,2305483.0
1083,2017,Badajoz,Consumo Doméstico  Comercial,386629.0,2305483.0
1084,2017,Cáceres,Consumo eléctrico,0.0,518408.0
1085,2017,Cáceres,Consumo Industrial,312364.0,518408.0
1086,2017,Cáceres,Consumo Doméstico  Comercial,206044.0,518408.0
1087,2017,"Coruña, A",Consumo eléctrico,3736668.0,12021901.0
1088,2017,"Coruña, A",Consumo Industrial,7412692.0,12021901.0
1089,2017,"Coruña, A",Consumo Doméstico  Comercial,872541.0,12021901.0
1090,2017,Lugo,Consumo eléctrico,0.0,4472567.0
1091,2017,Lugo,Consumo Industrial,4175820.0,4472567.0
1092,2017,Lugo,Consumo Doméstico  Comercial,296747.0,4472567.0
1093,2017,Ourense,Consumo eléctrico,0.0,464786.0
1094,2017,Ourense,Consumo Industrial,280846.0,464786.0
1095,2017,Ourense,Consumo Doméstico  Comercial,183940.0,464786.0
1096,2017,Pontevedra,Consumo eléctrico,0.0,1208627.0
1097,2017,Pontevedra,Consumo Industrial,573703.0,1208627.0
1098,2017,Pontevedra,Consumo Doméstico  Comercial,634924.0,1208627.0
1099,2017,"Rioja, La",Consumo eléctrico,3429389.0,5092433.0
1100,2017,"Rioja, La",Consumo Industrial,681974.0,5092433.0
1101,2017,"Rioja, La",Consumo Doméstico  Comercial,981070.0,5092433.0
1102,2017,Madrid,Consumo eléctrico,0.0,21915239.0
1103,2017,Madrid,Consumo Industrial,4688298.0,21915239.0
1104,2017,Madrid,Consumo Doméstico  Comercial,17226941.0,21915239.0
1105,2017,Murcia,Consumo eléctrico,7149834.0,24537754.0
1106,2017,Murcia,Consumo Industrial,16787535.0,24537754.0
1107,2017,Murcia,Consumo Doméstico  Comercial,600385.0,24537754.0
1108,2017,Navarra,Consumo eléctrico,2916275.0,10414632.0
1109,2017,Navarra,Consumo Industrial,5313776.0,10414632.0
1110,2017,Navarra,Consumo Doméstico  Comercial,2184581.0,10414632.0
1111,2017,Araba/Álava,Consumo eléctrico,0.0,4619680.0
1112,2017,Araba/Álava,Consumo Industrial,3446494.0,4619680.0
1113,2017,Araba/Álava,Consumo Doméstico  Comercial,1173186.0,4619680.0
1114,2017,Gipuzkoa,Consumo eléctrico,0.0,6511426.0
1115,2017,Gipuzkoa,Consumo Industrial,4744879.0,6511426.0
1116,2017,Gipuzkoa,Consumo Doméstico  Comercial,1766547.0,6511426.0
1117,2017,Bizkaia,Consumo eléctrico,4836124.0,16595047.0
1118,2017,Bizkaia,Consumo Industrial,9582983.0,16595047.0
1119,2017,Bizkaia,Consumo Doméstico  Comercial,2175940.0,16595047.0
1120,2017,Alicante/Alacant,Consumo eléctrico,0.0,1966887.0
1121,2017,Alicante/Alacant,Consumo Industrial,1275705.0,1966887.0
1122,2017,Alicante/Alacant,Consumo Doméstico  Comercial,691182.0,1966887.0
1123,2017,Castellón/Castelló,Consumo eléctrico,3149291.0,23631660.0
1124,2017,Castellón/Castelló,Consumo Industrial,19999404.0,23631660.0
1125,2017,Castellón/Castelló,Consumo Doméstico  Comercial,482965.0,23631660.0
1126,2017,Valencia/València,Consumo eléctrico,5660676.0,12954818.0
1127,2017,Valencia/València,Consumo Industrial,5112364.0,12954818.0
1128,2017,Valencia/València,Consumo Doméstico  Comercial,2181778.0,12954818.0
1129,2017,"Palmas, Las",Consumo eléctrico,0.0,7932.0
1130,2017,"Palmas, Las",Consumo Industrial,7932.0,7932.0
1131,2017,"Palmas, Las",Consumo Doméstico  Comercial,0.0,7932.0
1132,2017,Santa Cruz de Tenerife,Consumo eléctrico,0.0,1.0
1133,2017,Santa Cruz de Tenerife,Consumo Industrial,0.0,1.0
1134,2017,Santa Cruz de Tenerife,Consumo Doméstico  Comercial,1.0,1.0
1135,2017,Ceuta,Consumo Industrial,0.0,0.0
1136,2017,Ceuta,Consumo Doméstico  Comercial,0.0,0.0
1137,2017,Melilla,Consumo Industrial,0.0,0.0
1138,2017,Melilla,Consumo Doméstico  Comercial,0.0,0.0
1139,2018,Almería,Consumo Industrial,707768.0,855799.0
1140,2018,Almería,Consumo Doméstico  Comercial,148031.0,855799.0
1141,2018,Cádiz,Consumo eléctrico,8168163.0,17483385.0
1142,2018,Cádiz,Consumo Industrial,9063466.0,17483385.0
1143,2018,Cádiz,Consumo Doméstico  Comercial,251756.0,17483385.0
1144,2018,Córdoba,Consumo Industrial,1544986.0,1811691.0
1145,2018,Córdoba,Consumo Doméstico  Comercial,266705.0,1811691.0
1146,2018,Granada,Consumo Industrial,1672709.0,2204476.0
1147,2018,Granada,Consumo Doméstico  Comercial,531767.0,2204476.0
1148,2018,Huelva,Consumo eléctrico,839018.0,14498149.0
1149,2018,Huelva,Consumo Industrial,13548474.0,14498149.0
1150,2018,Huelva,Consumo Doméstico  Comercial,110657.0,14498149.0
1151,2018,Jaén,Consumo Industrial,3223884.0,3428259.0
1152,2018,Jaén,Consumo Doméstico  Comercial,204375.0,3428259.0
1153,2018,Málaga,Consumo eléctrico,4151476.0,5779286.0
1154,2018,Málaga,Consumo Industrial,1128361.0,5779286.0
1155,2018,Málaga,Consumo Doméstico  Comercial,499449.0,5779286.0
1156,2018,Sevilla,Consumo Industrial,3194064.0,3899875.0
1157,2018,Sevilla,Consumo Doméstico  Comercial,705811.0,3899875.0
1158,2018,Huesca,Consumo Industrial,2887309.0,3390222.0
1159,2018,Huesca,Consumo Doméstico  Comercial,502913.0,3390222.0
1160,2018,Teruel,Consumo eléctrico,305175.0,1972735.0
1161,2018,Teruel,Consumo Industrial,1343338.0,1972735.0
1162,2018,Teruel,Consumo Doméstico  Comercial,324222.0,1972735.0
1163,2018,Zaragoza,Consumo eléctrico,58058.0,12116808.0
1164,2018,Zaragoza,Consumo Industrial,9535941.0,12116808.0
1165,2018,Zaragoza,Consumo Doméstico  Comercial,2522809.0,12116808.0
1166,2018,Asturias,Consumo eléctrico,1595070.0,8722718.0
1167,2018,Asturias,Consumo Industrial,4975382.0,8722718.0
1168,2018,Asturias,Consumo Doméstico  Comercial,2152266.0,8722718.0
1169,2018,"Balears, Illes",Consumo eléctrico,4568558.0,5579669.0
1170,2018,"Balears, Illes",Consumo Industrial,72420.0,5579669.0
1171,2018,"Balears, Illes",Consumo Doméstico  Comercial,938691.0,5579669.0
1172,2018,Cantabria,Consumo Industrial,5467659.0,6546315.0
1173,2018,Cantabria,Consumo Doméstico  Comercial,1078656.0,6546315.0
1174,2018,Albacete,Consumo Industrial,819964.0,1394297.0
1175,2018,Albacete,Consumo Doméstico  Comercial,574333.0,1394297.0
1176,2018,Ciudad Real,Consumo Industrial,8388863.0,9078144.0
1177,2018,Ciudad Real,Consumo Doméstico  Comercial,689281.0,9078144.0
1178,2018,Cuenca,Consumo Industrial,682655.0,973570.0
1179,2018,Cuenca,Consumo Doméstico  Comercial,290915.0,973570.0
1180,2018,Guadalajara,Consumo Industrial,1157620.0,1681958.0
1181,2018,Guadalajara,Consumo Doméstico  Comercial,524338.0,1681958.0
1182,2018,Toledo,Consumo eléctrico,3068543.0,5717166.0
1183,2018,Toledo,Consumo Industrial,1756160.0,5717166.0
1184,2018,Toledo,Consumo Doméstico  Comercial,892463.0,5717166.0
1185,2018,Ávila,Consumo Industrial,42410.0,412237.0
1186,2018,Ávila,Consumo Doméstico  Comercial,369827.0,412237.0
1187,2018,Burgos,Consumo Industrial,5477478.0,6722549.0
1188,2018,Burgos,Consumo Doméstico  Comercial,1245071.0,6722549.0
1189,2018,León,Consumo Industrial,1544889.0,2465593.0
1190,2018,León,Consumo Doméstico  Comercial,920704.0,2465593.0
1191,2018,Palencia,Consumo Industrial,1629828.0,2202870.0
1192,2018,Palencia,Consumo Doméstico  Comercial,573042.0,2202870.0
1193,2018,Salamanca,Consumo Industrial,1304891.0,2166784.0
1194,2018,Salamanca,Consumo Doméstico  Comercial,861893.0,2166784.0
1195,2018,Segovia,Consumo Industrial,856732.0,1167946.0
1196,2018,Segovia,Consumo Doméstico  Comercial,311214.0,1167946.0
1197,2018,Soria,Consumo Industrial,839287.0,1236240.0
1198,2018,Soria,Consumo Doméstico  Comercial,396953.0,1236240.0
1199,2018,Valladolid,Consumo Industrial,2587890.0,4616125.0
1200,2018,Valladolid,Consumo Doméstico  Comercial,2028235.0,4616125.0
1201,2018,Zamora,Consumo Industrial,314129.0,686586.0
1202,2018,Zamora,Consumo Doméstico  Comercial,372457.0,686586.0
1203,2018,Barcelona,Consumo eléctrico,13242193.0,40554558.0
1204,2018,Barcelona,Consumo Industrial,14715402.0,40554558.0
1205,2018,Barcelona,Consumo Doméstico  Comercial,12596963.0,40554558.0
1206,2018,Girona,Consumo Industrial,2885582.0,4825404.0
1207,2018,Girona,Consumo Doméstico  Comercial,1939822.0,4825404.0
1208,2018,Lleida,Consumo Industrial,4748117.0,5713072.0
1209,2018,Lleida,Consumo Doméstico  Comercial,964955.0,5713072.0
1210,2018,Tarragona,Consumo eléctrico,2257568.0,18887728.0
1211,2018,Tarragona,Consumo Industrial,15350303.0,18887728.0
1212,2018,Tarragona,Consumo Doméstico  Comercial,1279857.0,18887728.0
1213,2018,Badajoz,Consumo eléctrico,0.0,2454105.0
1214,2018,Badajoz,Consumo Industrial,2047731.0,2454105.0
1215,2018,Badajoz,Consumo Doméstico  Comercial,406374.0,2454105.0
1216,2018,Cáceres,Consumo eléctrico,0.0,542290.0
1217,2018,Cáceres,Consumo Industrial,293512.0,542290.0
1218,2018,Cáceres,Consumo Doméstico  Comercial,248778.0,542290.0
1219,2018,"Coruña, A",Consumo eléctrico,1836155.0,9755871.0
1220,2018,"Coruña, A",Consumo Industrial,6927945.0,9755871.0
1221,2018,"Coruña, A",Consumo Doméstico  Comercial,991771.0,9755871.0
1222,2018,Lugo,Consumo Industrial,4189238.0,4504930.0
1223,2018,Lugo,Consumo Doméstico  Comercial,315692.0,4504930.0
1224,2018,Ourense,Consumo Industrial,280605.0,502214.0
1225,2018,Ourense,Consumo Doméstico  Comercial,221609.0,502214.0
1226,2018,Pontevedra,Consumo Industrial,588389.0,1341153.0
1227,2018,Pontevedra,Consumo Doméstico  Comercial,752764.0,1341153.0
1228,2018,"Rioja, La",Consumo eléctrico,2502187.0,4033418.0
1229,2018,"Rioja, La",Consumo Industrial,436126.0,4033418.0
1230,2018,"Rioja, La",Consumo Doméstico  Comercial,1095105.0,4033418.0
1231,2018,Madrid,Consumo eléctrico,0.0,26261851.0
1232,2018,Madrid,Consumo Industrial,5211884.0,26261851.0
1233,2018,Madrid,Consumo Doméstico  Comercial,21049967.0,26261851.0
1234,2018,Murcia,Consumo eléctrico,5824562.0,24271995.0
1235,2018,Murcia,Consumo Industrial,17827486.0,24271995.0
1236,2018,Murcia,Consumo Doméstico  Comercial,619947.0,24271995.0
1237,2018,Navarra,Consumo eléctrico,1416015.0,9318353.0
1238,2018,Navarra,Consumo Industrial,5480129.0,9318353.0
1239,2018,Navarra,Consumo Doméstico  Comercial,2422209.0,9318353.0
1240,2018,Araba/Álava,Consumo Industrial,3431042.0,4706110.0
1241,2018,Araba/Álava,Consumo Doméstico  Comercial,1275068.0,4706110.0
1242,2018,Gipuzkoa,Consumo Industrial,4900445.0,6865464.0
1243,2018,Gipuzkoa,Consumo Doméstico  Comercial,1965019.0,6865464.0
1244,2018,Bizkaia,Consumo eléctrico,3048319.0,15458747.0
1245,2018,Bizkaia,Consumo Industrial,10010335.0,15458747.0
1246,2018,Bizkaia,Consumo Doméstico  Comercial,2400093.0,15458747.0
1247,2018,Alicante/Alacant,Consumo Industrial,1384860.0,2194457.0
1248,2018,Alicante/Alacant,Consumo Doméstico  Comercial,809597.0,2194457.0
1249,2018,Castellón/Castelló,Consumo eléctrico,3593523.0,24090307.0
1250,2018,Castellón/Castelló,Consumo Industrial,19966625.0,24090307.0
1251,2018,Castellón/Castelló,Consumo Doméstico  Comercial,530159.0,24090307.0
1252,2018,Valencia/València,Consumo eléctrico,4737848.0,12747829.0
1253,2018,Valencia/València,Consumo Industrial,5649521.0,12747829.0
1254,2018,Valencia/València,Consumo Doméstico  Comercial,2360460.0,12747829.0
1255,2018,"Palmas, Las",Consumo eléctrico,0.0,8879.0
1256,2018,"Palmas, Las",Consumo Industrial,8866.0,8879.0
1257,2018,"Palmas, Las",Consumo Doméstico  Comercial,13.0,8879.0
1258,2018,Santa Cruz de Tenerife,Consumo eléctrico,0.0,12.0
1259,2018,Santa Cruz de Tenerife,Consumo Industrial,0.0,12.0
1260,2018,Santa Cruz de Tenerife,Consumo Doméstico  Comercial,12.0,12.0
1261,2018,Ceuta,Consumo Industrial,0.0,0.0
1262,2018,Ceuta,Consumo Doméstico  Comercial,0.0,0.0
1263,2018,Melilla,Consumo Industrial,0.0,0.0
1264,2018,Melilla,Consumo Doméstico  Comercial,0.0,0.0
1265,2019,Almería,Consumo Industrial,762320.0,918197.0
1266,2019,Almería,Consumo Doméstico  Comercial,155877.0,918197.0
1267,2019,Cádiz,Consumo eléctrico,20731219.0,25325795.0
1268,2019,Cádiz,Consumo Industrial,4332251.0,25325795.0
1269,2019,Cádiz,Consumo Doméstico  Comercial,262325.0,25325795.0
1270,2019,Córdoba,Consumo Industrial,1677741.0,1922687.0
1271,2019,Córdoba,Consumo Doméstico  Comercial,244946.0,1922687.0
1272,2019,Granada,Consumo Industrial,1785963.0,2306562.0
1273,2019,Granada,Consumo Doméstico  Comercial,520599.0,2306562.0
1274,2019,Huelva,Consumo eléctrico,1037333.0,16277791.0
1275,2019,Huelva,Consumo Industrial,15136418.0,16277791.0
1276,2019,Huelva,Consumo Doméstico  Comercial,104040.0,16277791.0
1277,2019,Jaén,Consumo Industrial,3214837.0,3412373.0
1278,2019,Jaén,Consumo Doméstico  Comercial,197536.0,3412373.0
1279,2019,Málaga,Consumo eléctrico,3199470.0,4619403.0
1280,2019,Málaga,Consumo Industrial,927724.0,4619403.0
1281,2019,Málaga,Consumo Doméstico  Comercial,492209.0,4619403.0
1282,2019,Sevilla,Consumo Industrial,9910167.0,10598221.0
1283,2019,Sevilla,Consumo Doméstico  Comercial,688054.0,10598221.0
1284,2019,Huesca,Consumo Industrial,2831922.0,3319505.0
1285,2019,Huesca,Consumo Doméstico  Comercial,487583.0,3319505.0
1286,2019,Teruel,Consumo eléctrico,303251.0,1771241.0
1287,2019,Teruel,Consumo Industrial,1154795.0,1771241.0
1288,2019,Teruel,Consumo Doméstico  Comercial,313195.0,1771241.0
1289,2019,Zaragoza,Consumo eléctrico,4099757.0,16113761.0
1290,2019,Zaragoza,Consumo Industrial,9666060.0,16113761.0
1291,2019,Zaragoza,Consumo Doméstico  Comercial,2347944.0,16113761.0
1292,2019,Asturias,Consumo eléctrico,4484671.0,12057479.0
1293,2019,Asturias,Consumo Industrial,5501827.0,12057479.0
1294,2019,Asturias,Consumo Doméstico  Comercial,2070981.0,12057479.0
1295,2019,"Balears, Illes",Consumo eléctrico,4122761.0,5176269.0
1296,2019,"Balears, Illes",Consumo Industrial,99913.0,5176269.0
1297,2019,"Balears, Illes",Consumo Doméstico  Comercial,953595.0,5176269.0
1298,2019,Cantabria,Consumo Industrial,6189000.0,7316463.0
1299,2019,Cantabria,Consumo Doméstico  Comercial,1127463.0,7316463.0
1300,2019,Albacete,Consumo Industrial,827178.0,1387145.0
1301,2019,Albacete,Consumo Doméstico  Comercial,559967.0,1387145.0
1302,2019,Ciudad Real,Consumo Industrial,8494943.0,9155567.0
1303,2019,Ciudad Real,Consumo Doméstico  Comercial,660624.0,9155567.0
1304,2019,Cuenca,Consumo Industrial,711981.0,972290.0
1305,2019,Cuenca,Consumo Doméstico  Comercial,260309.0,972290.0
1306,2019,Guadalajara,Consumo Industrial,1163560.0,1652250.0
1307,2019,Guadalajara,Consumo Doméstico  Comercial,488690.0,1652250.0
1308,2019,Toledo,Consumo eléctrico,3206426.0,6399034.0
1309,2019,Toledo,Consumo Industrial,2333717.0,6399034.0
1310,2019,Toledo,Consumo Doméstico  Comercial,858891.0,6399034.0
1311,2019,Ávila,Consumo Industrial,44407.0,305325.0
1312,2019,Ávila,Consumo Doméstico  Comercial,260918.0,305325.0
1313,2019,Burgos,Consumo Industrial,5598754.0,6759488.0
1314,2019,Burgos,Consumo Doméstico  Comercial,1160734.0,6759488.0
1315,2019,León,Consumo Industrial,1590388.0,2511051.0
1316,2019,León,Consumo Doméstico  Comercial,920663.0,2511051.0
1317,2019,Palencia,Consumo Industrial,1602664.0,2164554.0
1318,2019,Palencia,Consumo Doméstico  Comercial,561890.0,2164554.0
1319,2019,Salamanca,Consumo Industrial,1338190.0,2154186.0
1320,2019,Salamanca,Consumo Doméstico  Comercial,815996.0,2154186.0
1321,2019,Segovia,Consumo Industrial,1053385.0,1340761.0
1322,2019,Segovia,Consumo Doméstico  Comercial,287376.0,1340761.0
1323,2019,Soria,Consumo Industrial,1017214.0,1369344.0
1324,2019,Soria,Consumo Doméstico  Comercial,352130.0,1369344.0
1325,2019,Valladolid,Consumo Industrial,2994203.0,4876641.0
1326,2019,Valladolid,Consumo Doméstico  Comercial,1882438.0,4876641.0
1327,2019,Zamora,Consumo Industrial,325974.0,690417.0
1328,2019,Zamora,Consumo Doméstico  Comercial,364443.0,690417.0
1329,2019,Barcelona,Consumo eléctrico,12762889.0,39046615.0
1330,2019,Barcelona,Consumo Industrial,14004429.0,39046615.0
1331,2019,Barcelona,Consumo Doméstico  Comercial,12279297.0,39046615.0
1332,2019,Girona,Consumo Industrial,2963655.0,4843996.0
1333,2019,Girona,Consumo Doméstico  Comercial,1880341.0,4843996.0
1334,2019,Lleida,Consumo Industrial,4920642.0,5886663.0
1335,2019,Lleida,Consumo Doméstico  Comercial,966021.0,5886663.0
1336,2019,Tarragona,Consumo eléctrico,6950978.0,24065323.0
1337,2019,Tarragona,Consumo Industrial,15848150.0,24065323.0
1338,2019,Tarragona,Consumo Doméstico  Comercial,1266195.0,24065323.0
1339,2019,Badajoz,Consumo eléctrico,0.0,2436993.0
1340,2019,Badajoz,Consumo Industrial,2072962.0,2436993.0
1341,2019,Badajoz,Consumo Doméstico  Comercial,364031.0,2436993.0
1342,2019,Cáceres,Consumo eléctrico,0.0,522596.0
1343,2019,Cáceres,Consumo Industrial,305798.0,522596.0
1344,2019,Cáceres,Consumo Doméstico  Comercial,216798.0,522596.0
1345,2019,"Coruña, A",Consumo eléctrico,7363321.0,15303037.0
1346,2019,"Coruña, A",Consumo Industrial,6931568.0,15303037.0
1347,2019,"Coruña, A",Consumo Doméstico  Comercial,1008148.0,15303037.0
1348,2019,Lugo,Consumo Industrial,4177467.0,4484696.0
1349,2019,Lugo,Consumo Doméstico  Comercial,307229.0,4484696.0
1350,2019,Ourense,Consumo Industrial,311788.0,523960.0
1351,2019,Ourense,Consumo Doméstico  Comercial,212172.0,523960.0
1352,2019,Pontevedra,Consumo Industrial,590840.0,1336869.0
1353,2019,Pontevedra,Consumo Doméstico  Comercial,746029.0,1336869.0
1354,2019,"Rioja, La",Consumo eléctrico,2553645.0,4296344.0
1355,2019,"Rioja, La",Consumo Industrial,721286.0,4296344.0
1356,2019,"Rioja, La",Consumo Doméstico  Comercial,1021413.0,4296344.0
1357,2019,Madrid,Consumo eléctrico,0.0,24261040.0
1358,2019,Madrid,Consumo Industrial,5928465.0,24261040.0
1359,2019,Madrid,Consumo Doméstico  Comercial,18332575.0,24261040.0
1360,2019,Murcia,Consumo eléctrico,13939216.0,31781904.0
1361,2019,Murcia,Consumo Industrial,17224485.0,31781904.0
1362,2019,Murcia,Consumo Doméstico  Comercial,618203.0,31781904.0
1363,2019,Navarra,Consumo eléctrico,6274144.0,14246734.0
1364,2019,Navarra,Consumo Industrial,5630971.0,14246734.0
1365,2019,Navarra,Consumo Doméstico  Comercial,2341619.0,14246734.0
1366,2019,Araba/Álava,Consumo Industrial,3433432.0,4646332.0
1367,2019,Araba/Álava,Consumo Doméstico  Comercial,1212900.0,4646332.0
1368,2019,Gipuzkoa,Consumo Industrial,4878303.0,6747927.0
1369,2019,Gipuzkoa,Consumo Doméstico  Comercial,1869624.0,6747927.0
1370,2019,Bizkaia,Consumo eléctrico,9286855.0,21155603.0
1371,2019,Bizkaia,Consumo Industrial,9596896.0,21155603.0
1372,2019,Bizkaia,Consumo Doméstico  Comercial,2271852.0,21155603.0
1373,2019,Alicante/Alacant,Consumo Industrial,1500025.0,2330143.0
1374,2019,Alicante/Alacant,Consumo Doméstico  Comercial,830118.0,2330143.0
1375,2019,Castellón/Castelló,Consumo eléctrico,4577141.0,25145761.0
1376,2019,Castellón/Castelló,Consumo Industrial,20087520.0,25145761.0
1377,2019,Castellón/Castelló,Consumo Doméstico  Comercial,481100.0,25145761.0
1378,2019,Valencia/València,Consumo eléctrico,5132640.0,12599319.0
1379,2019,Valencia/València,Consumo Industrial,5136912.0,12599319.0
1380,2019,Valencia/València,Consumo Doméstico  Comercial,2329767.0,12599319.0
1381,2019,"Palmas, Las",Consumo eléctrico,0.0,10184.0
1382,2019,"Palmas, Las",Consumo Industrial,10180.0,10184.0
1383,2019,"Palmas, Las",Consumo Doméstico  Comercial,4.0,10184.0
1384,2019,Santa Cruz de Tenerife,Consumo eléctrico,0.0,4.0
1385,2019,Santa Cruz de Tenerife,Consumo Industrial,0.0,4.0
1386,2019,Santa Cruz de Tenerife,Consumo Doméstico  Comercial,4.0,4.0
1387,2019,Ceuta,Consumo Industrial,0.0,0.0
1388,2019,Ceuta,Consumo Doméstico  Comercial,0.0,0.0
1389,2019,Melilla,Consumo Industrial,0.0,0.0
1390,2019,Melilla,Consumo Doméstico  Comercial,0.0,0.0
1391,2020,Almería,Consumo Industrial,815378.0,945201.0
1392,2020,Almería,Consumo Doméstico  Comercial,129823.0,945201.0
1393,2020,Cádiz,Consumo eléctrico,16300325.0,23385152.0
1394,2020,Cádiz,Consumo Industrial,6840814.0,23385152.0
1395,2020,Cádiz,Consumo Doméstico  Comercial,244013.0,23385152.0
1396,2020,Córdoba,Consumo Industrial,1673121.0,1907000.0
1397,2020,Córdoba,Consumo Doméstico  Comercial,233879.0,1907000.0
1398,2020,Granada,Consumo Industrial,1679558.0,2157806.0
1399,2020,Granada,Consumo Doméstico  Comercial,478248.0,2157806.0
1400,2020,Huelva,Consumo eléctrico,1821653.0,15950235.0
1401,2020,Huelva,Consumo Industrial,14029680.0,15950235.0
1402,2020,Huelva,Consumo Doméstico  Comercial,98902.0,15950235.0
1403,2020,Jaén,Consumo Industrial,3199993.0,3387313.0
1404,2020,Jaén,Consumo Doméstico  Comercial,187320.0,3387313.0
1405,2020,Málaga,Consumo eléctrico,924730.0,2263898.0
1406,2020,Málaga,Consumo Industrial,880935.0,2263898.0
1407,2020,Málaga,Consumo Doméstico  Comercial,458233.0,2263898.0
1408,2020,Sevilla,Consumo Industrial,3130041.0,3753145.0
1409,2020,Sevilla,Consumo Doméstico  Comercial,623104.0,3753145.0
1410,2020,Huesca,Consumo Industrial,2952293.0,3400821.0
1411,2020,Huesca,Consumo Doméstico  Comercial,448528.0,3400821.0
1412,2020,Teruel,Consumo eléctrico,252197.0,1465202.0
1413,2020,Teruel,Consumo Industrial,935231.0,1465202.0
1414,2020,Teruel,Consumo Doméstico  Comercial,277774.0,1465202.0
1415,2020,Zaragoza,Consumo eléctrico,4443926.0,16025478.0
1416,2020,Zaragoza,Consumo Industrial,9200361.0,16025478.0
1417,2020,Zaragoza,Consumo Doméstico  Comercial,2381191.0,16025478.0
1418,2020,Asturias,Consumo eléctrico,4769739.0,12023129.0
1419,2020,Asturias,Consumo Industrial,5292118.0,12023129.0
1420,2020,Asturias,Consumo Doméstico  Comercial,1961272.0,12023129.0
1421,2020,"Balears, Illes",Consumo eléctrico,6621639.0,7357197.0
1422,2020,"Balears, Illes",Consumo Industrial,77842.0,7357197.0
1423,2020,"Balears, Illes",Consumo Doméstico  Comercial,657716.0,7357197.0
1424,2020,Cantabria,Consumo Industrial,3979436.0,5058932.0
1425,2020,Cantabria,Consumo Doméstico  Comercial,1079496.0,5058932.0
1426,2020,Albacete,Consumo Industrial,844384.0,1378523.0
1427,2020,Albacete,Consumo Doméstico  Comercial,534139.0,1378523.0
1428,2020,Ciudad Real,Consumo Industrial,7569603.0,8179903.0
1429,2020,Ciudad Real,Consumo Doméstico  Comercial,610300.0,8179903.0
1430,2020,Cuenca,Consumo Industrial,729644.0,983509.0
1431,2020,Cuenca,Consumo Doméstico  Comercial,253865.0,983509.0
1432,2020,Guadalajara,Consumo Industrial,1095696.0,1600575.0
1433,2020,Guadalajara,Consumo Doméstico  Comercial,504879.0,1600575.0
1434,2020,Toledo,Consumo eléctrico,4509991.0,7532177.0
1435,2020,Toledo,Consumo Industrial,2186583.0,7532177.0
1436,2020,Toledo,Consumo Doméstico  Comercial,835603.0,7532177.0
1437,2020,Ávila,Consumo Industrial,49279.0,339992.0
1438,2020,Ávila,Consumo Doméstico  Comercial,290713.0,339992.0
1439,2020,Burgos,Consumo Industrial,5436752.0,6538717.0
1440,2020,Burgos,Consumo Doméstico  Comercial,1101965.0,6538717.0
1441,2020,León,Consumo Industrial,1606308.0,2514105.0
1442,2020,León,Consumo Doméstico  Comercial,907797.0,2514105.0
1443,2020,Palencia,Consumo Industrial,1165874.0,1712100.0
1444,2020,Palencia,Consumo Doméstico  Comercial,546226.0,1712100.0
1445,2020,Salamanca,Consumo Industrial,1296852.0,2126352.0
1446,2020,Salamanca,Consumo Doméstico  Comercial,829500.0,2126352.0
1447,2020,Segovia,Consumo Industrial,977503.0,1258528.0
1448,2020,Segovia,Consumo Doméstico  Comercial,281025.0,1258528.0
1449,2020,Soria,Consumo Industrial,1253786.0,1581974.0
1450,2020,Soria,Consumo Doméstico  Comercial,328188.0,1581974.0
1451,2020,Valladolid,Consumo Industrial,2902528.0,4742619.0
1452,2020,Valladolid,Consumo Doméstico  Comercial,1840091.0,4742619.0
1453,2020,Zamora,Consumo Industrial,298785.0,660715.0
1454,2020,Zamora,Consumo Doméstico  Comercial,361930.0,660715.0
1455,2020,Barcelona,Consumo eléctrico,9324940.0,33400564.0
1456,2020,Barcelona,Consumo Industrial,13220890.0,33400564.0
1457,2020,Barcelona,Consumo Doméstico  Comercial,10854734.0,33400564.0
1458,2020,Girona,Consumo Industrial,2663398.0,4376759.0
1459,2020,Girona,Consumo Doméstico  Comercial,1713361.0,4376759.0
1460,2020,Lleida,Consumo Industrial,5129084.0,6046128.0
1461,2020,Lleida,Consumo Doméstico  Comercial,917044.0,6046128.0
1462,2020,Tarragona,Consumo eléctrico,3126354.0,18689780.0
1463,2020,Tarragona,Consumo Industrial,14514623.0,18689780.0
1464,2020,Tarragona,Consumo Doméstico  Comercial,1048803.0,18689780.0
1465,2020,Badajoz,Consumo Industrial,2113497.0,2458140.0
1466,2020,Badajoz,Consumo Doméstico  Comercial,344643.0,2458140.0
1467,2020,Cáceres,Consumo Industrial,305048.0,514552.0
1468,2020,Cáceres,Consumo Doméstico  Comercial,209504.0,514552.0
1469,2020,"Coruña, A",Consumo eléctrico,4772675.0,11975163.0
1470,2020,"Coruña, A",Consumo Industrial,6276281.0,11975163.0
1471,2020,"Coruña, A",Consumo Doméstico  Comercial,926207.0,11975163.0
1472,2020,Lugo,Consumo Industrial,4064717.0,4379912.0
1473,2020,Lugo,Consumo Doméstico  Comercial,315195.0,4379912.0
1474,2020,Ourense,Consumo Industrial,264210.0,467414.0
1475,2020,Ourense,Consumo Doméstico  Comercial,203204.0,467414.0
1476,2020,Pontevedra,Consumo Industrial,543202.0,1276448.0
1477,2020,Pontevedra,Consumo Doméstico  Comercial,733246.0,1276448.0
1478,2020,"Rioja, La",Consumo eléctrico,1353219.0,3067558.0
1479,2020,"Rioja, La",Consumo Industrial,711483.0,3067558.0
1480,2020,"Rioja, La",Consumo Doméstico  Comercial,1002856.0,3067558.0
1481,2020,Madrid,Consumo Industrial,5416393.0,22988842.0
1482,2020,Madrid,Consumo Doméstico  Comercial,17572449.0,22988842.0
1483,2020,Murcia,Consumo eléctrico,12799806.0,30709385.0
1484,2020,Murcia,Consumo Industrial,17318905.0,30709385.0
1485,2020,Murcia,Consumo Doméstico  Comercial,590674.0,30709385.0
1486,2020,Navarra,Consumo eléctrico,4718812.0,12390711.0
1487,2020,Navarra,Consumo Industrial,5441077.0,12390711.0
1488,2020,Navarra,Consumo Doméstico  Comercial,2230822.0,12390711.0
1489,2020,Araba/Álava,Consumo Industrial,2933774.0,4066037.0
1490,2020,Araba/Álava,Consumo Doméstico  Comercial,1132263.0,4066037.0
1491,2020,Gipuzkoa,Consumo Industrial,4485752.0,6185648.0
1492,2020,Gipuzkoa,Consumo Doméstico  Comercial,1699896.0,6185648.0
1493,2020,Bizkaia,Consumo eléctrico,6085203.0,17023368.0
1494,2020,Bizkaia,Consumo Industrial,8833751.0,17023368.0
1495,2020,Bizkaia,Consumo Doméstico  Comercial,2104414.0,17023368.0
1496,2020,Alicante/Alacant,Consumo Industrial,2009672.0,2727718.0
1497,2020,Alicante/Alacant,Consumo Doméstico  Comercial,718046.0,2727718.0
1498,2020,Castellón/Castelló,Consumo eléctrico,4482778.0,24236008.0
1499,2020,Castellón/Castelló,Consumo Industrial,19305153.0,24236008.0
1500,2020,Castellón/Castelló,Consumo Doméstico  Comercial,448077.0,24236008.0
1501,2020,Valencia/València,Consumo eléctrico,4293544.0,11030418.0
1502,2020,Valencia/València,Consumo Industrial,4667177.0,11030418.0
1503,2020,Valencia/València,Consumo Doméstico  Comercial,2069697.0,11030418.0
1504,2020,"Palmas, Las",Consumo Industrial,10466.0,10478.0
1505,2020,"Palmas, Las",Consumo Doméstico  Comercial,12.0,10478.0
1506,2020,Santa Cruz de Tenerife,Consumo Industrial,2020.0,2021.0
1507,2020,Santa Cruz de Tenerife,Consumo Doméstico  Comercial,1.0,2021.0
1508,2020,Ceuta,Consumo Industrial,0.0,0.0
1509,2020,Ceuta,Consumo Doméstico  Comercial,0.0,0.0
1510,2020,Melilla,Consumo Industrial,0.0,0.0
1511,2020,Melilla,Consumo Doméstico  Comercial,0.0,0.0
