PROV_CODE,PROV_NAME,date,mean,min,max,stdDev
25776,Almería,2019-01,1.6353800438398043,0.10249999910593033,143.12249755859375,7.454210694574393
25777,Cádiz,2019-01,2.900445218463152,0.14000000059604645,241.1999969482422,13.121443413692031
25778,Córdoba,2019-01,1.1119206105438337,0.10499999672174454,124.3175048828125,5.383891739677438
25779,Granada,2019-01,1.2432031962998904,0.08500000089406967,141.50250244140625,5.804707739840811
25780,Huelva,2019-01,1.1470814000376268,0.09749999642372131,206.78500366210938,6.901166769506446
25781,Jaén,2019-01,1.1052394886044703,0.10500000417232513,168.57000732421875,5.227832955010938
25782,Málaga,2019-01,3.2480228462205796,0.14249999821186066,179.64500427246094,12.048969151701009
25783,Sevilla,2019-01,2.436461982156363,0.10750000178813934,157.0050048828125,10.225729995931397
25784,Huesca,2019-01,0.6059940169816447,0.10750000178813934,166.71749877929688,3.13258530221008
25785,Teruel,2019-01,0.4894173657953506,0.11249999701976776,145.239990234375,2.461887620079813
25786,Zaragoza,2019-01,1.3171908136378006,0.13750000298023224,201.4425048828125,7.08528829400891
25789,Las Palmas,2019-01,3.936213561845343,0.029999999329447746,135.66250610351562,11.566075147897854
25790,Santa Cruz de Tenerife,2019-01,2.9441166719877288,-0.2800000011920929,109.87249755859375,8.579043504413242
25791,Cantabria,2019-01,1.8047620354851808,0.1599999964237213,100.93000030517578,5.142485195412405
25801,Albacete,2019-01,0.6167378857777435,0.11500000208616257,102.375,2.9321858686933897
25802,Ciudad Real,2019-01,0.7509862821776982,0.10750000178813934,262.5274963378906,4.549251449014343
25803,Cuenca,2019-01,0.5574049275789166,0.10750000178813934,109.52249908447266,2.4807306138688303
25804,Guadalajara,2019-01,0.7002237709553973,0.10750000178813934,82.15750122070312,3.0004441262573027
25805,Toledo,2019-01,1.23905350126024,0.11500000208616257,94.83499908447266,4.277293659920052
25792,Ávila,2019-01,0.6023388220787238,0.14499999582767487,52.099998474121094,1.9378024941075556
25793,Burgos,2019-01,0.6821673521414066,0.12250000238418579,103.45999908447266,3.037884643412458
25794,León,2019-01,0.8975341149398036,0.1525000035762787,112.875,3.6649219256443293
25795,Palencia,2019-01,0.6646939945888583,0.14749999344348907,94.9324951171875,2.8826361024499234
25796,Salamanca,2019-01,0.6782999005927904,0.11749999970197678,145.08499145507812,3.8318201464426687
25797,Segovia,2019-01,0.8714901060462592,0.1599999964237213,110.4574966430664,3.268373162777419
25798,Soria,2019-01,0.6027670396549389,0.11500000208616257,716.4375,7.295951101074057
25799,Valladolid,2019-01,1.3900619416331141,0.17249999940395355,103.96749877929688,5.4643515222604835
25800,Zamora,2019-01,0.5440998284426716,0.13249999284744263,111.93499755859375,2.677949274601348
25806,Barcelona,2019-01,7.585366230761577,0.125,309.9100036621094,19.165322811470176
25807,Girona,2019-01,2.5160236616937404,0.14500001072883606,118.4000015258789,7.515125838166566
25808,Lleida,2019-01,0.9102038148771581,0.11499999463558197,100.95999908447266,3.1837299830825887
25809,Tarragona,2019-01,2.8543904076272635,0.12250000238418579,199.84500122070312,10.24003906515257
25810,Ceuta,2019-01,23.023206473295463,0.7325000166893005,114.70249938964844,28.42477075985752
25821,Melilla,2019-01,70.07746719313528,0.2224999964237213,278.9049987792969,68.65529331187572
25820,Madrid,2019-01,9.545515056032748,0.1850000023841858,184.52000427246094,20.687829119230003
25823,Navarra,2019-01,1.4464591936177604,0.13750000298023224,104.3949966430664,5.089860438540035
25811,Alicante/Alacant,2019-01,6.55463133532792,0.2150000035762787,169.55999755859375,15.850029231709346
25812,Castellón/Castelló,2019-01,2.3165949308567995,0.11749999970197678,213.33749389648438,10.093952086884142
25813,Valencia/València,2019-01,3.7071607576850942,0.13750000298023224,272.14501953125,12.663524033346706
25814,Badajoz,2019-01,0.6623435226575538,0.08500000089406967,77.98500061035156,2.8753946316959986
25815,Cáceres,2019-01,0.47778213190722063,0.0949999988079071,116.73999786376953,2.015207498382277
25816,A Coruña,2019-01,2.2850616408629807,0.1899999976158142,179.48001098632812,7.074242322655425
25817,Lugo,2019-01,0.7922875298200364,0.17499999701976776,120.2449951171875,3.048488909657959
25818,Ourense,2019-01,0.9400046966942519,0.17499999701976776,92.16999816894531,3.0402716453578202
25819,Pontevedra,2019-01,3.0833610746868834,0.2199999988079071,249.04750061035156,7.810980705499114
25788,Illes Balears,2019-01,2.892247572394416,0.11500000208616257,265.13250732421875,9.506494458987996
25827,La Rioja,2019-01,1.661182508476828,0.11500000208616257,230.81500244140625,7.715494006099811
25824,Araba/Álava,2019-01,2.4536886349617757,0.1875,159.75250244140625,10.426175700181474
25826,Bizkaia,2019-01,4.263537136973063,0.2199999988079071,110.80750274658203,10.087279054283533
25825,Gipuzkoa,2019-01,3.1721206260725605,0.2475000023841858,116.06749725341797,7.399108770881037
25787,Asturias,2019-01,1.7002796128255897,0.1599999964237213,160.70750427246094,6.430974558516631
25822,Murcia,2019-01,3.0628331169760417,0.10500000417232513,358.322509765625,9.983602304428473
25776,Almería,2019-02,1.5947342769927664,0.10999999940395355,147.32749938964844,7.186016963611706
25777,Cádiz,2019-02,2.9286733756797307,0.1525000035762787,309.197509765625,13.217911171179011
25778,Córdoba,2019-02,1.0793013533424503,0.11749999970197678,113.99500274658203,5.010904648213895
25779,Granada,2019-02,1.2044280089868296,0.10999999940395355,127.94249725341797,5.475871905906364
25780,Huelva,2019-02,1.169903781321771,0.12999999523162842,245.11500549316406,6.798000593296555
25781,Jaén,2019-02,1.0682344245460502,0.11499999463558197,149.11500549316406,4.781462066769676
25782,Málaga,2019-02,3.223122673508731,0.1574999988079071,172.58499145507812,12.064450079323727
25783,Sevilla,2019-02,2.367775614769801,0.11499999463558197,148.0550079345703,9.741382585548314
25784,Huesca,2019-02,0.6365489780814969,0.10000000149011612,193.0050048828125,3.526572622586223
25785,Teruel,2019-02,0.48115701228823377,0.10750000178813934,117.84000396728516,2.151607408262079
25786,Zaragoza,2019-02,1.314976572556652,0.10000000149011612,207.30999755859375,7.090929729197035
25789,Las Palmas,2019-02,3.8044530266260357,0.027499999850988388,144.67750549316406,10.87176323399664
25790,Santa Cruz de Tenerife,2019-02,2.88844741034849,-0.09749999642372131,103.02249908447266,8.218810488657708
25791,Cantabria,2019-02,1.973273465198523,0.16750000417232513,147.22750854492188,6.239865273347611
25801,Albacete,2019-02,0.6114743934673276,0.11749999970197678,94.64749908447266,2.8347786094031977
25802,Ciudad Real,2019-02,0.7622825273758024,0.0949999988079071,272.75250244140625,4.793030953579213
25803,Cuenca,2019-02,0.5550840128172382,0.12250000238418579,99.91749572753906,2.2699825748715052
25804,Guadalajara,2019-02,0.6924700284914367,0.11749999970197678,81.99250030517578,2.849252840570928
25805,Toledo,2019-02,1.232036036319897,0.12999999523162842,101.72500610351562,4.107092228177291
25792,Ávila,2019-02,0.6068960875561692,0.13250000774860382,53.89249801635742,1.8170078869994766
25793,Burgos,2019-02,0.7492904240354743,0.14249999821186066,110.83250427246094,3.229070902127242
25794,León,2019-02,0.960124895116891,0.14000000059604645,105.94249725341797,3.601241951469252
25795,Palencia,2019-02,0.6881303404027669,0.15000000596046448,91.44749450683594,2.8671637347626664
25796,Salamanca,2019-02,0.6771221544279892,0.10750000178813934,142.6074981689453,3.746342240822966
25797,Segovia,2019-02,0.854864343130818,0.16499999165534973,109.42250061035156,3.14793904948629
25798,Soria,2019-02,0.5934667101620431,0.13750000298023224,655.7650146484375,6.473418276373746
25799,Valladolid,2019-02,1.4006216364228339,0.17000000178813934,108.0425033569336,5.411496442726427
25800,Zamora,2019-02,0.5208765867303012,0.13750000298023224,108.125,2.6197553186076226
25806,Barcelona,2019-02,7.663980784158455,0.13500000536441803,371.0325012207031,19.630886151191792
25807,Girona,2019-02,2.5321118556856104,0.10499999672174454,125.69000244140625,7.734616592710227
25808,Lleida,2019-02,0.9457470995041201,0.10999999940395355,82.15499877929688,3.3589361460507874
25809,Tarragona,2019-02,2.777052765938741,0.125,169.322509765625,9.772163820111052
25810,Ceuta,2019-02,23.212494010149044,0.5699999928474426,118.72000122070312,28.70802538698359
25821,Melilla,2019-02,68.32026643672943,0.26750001311302185,273.68499755859375,67.09194593938996
25820,Madrid,2019-02,9.473936104449695,0.1875,189.99249267578125,20.205337554066382
25823,Navarra,2019-02,1.4733253585912691,0.13500000536441803,97.04249572753906,5.319207149580182
25811,Alicante/Alacant,2019-02,6.650575180157135,0.24500000476837158,160.38999938964844,15.996764059417995
25812,Castellón/Castelló,2019-02,2.327933082243469,0.11749999970197678,217.51499938964844,10.352723573930374
25813,Valencia/València,2019-02,3.714960409083189,0.15000000596046448,254.99000549316406,12.432135432136786
25814,Badajoz,2019-02,0.6836293224295404,0.11999999731779099,75.37249755859375,2.7445599237163356
25815,Cáceres,2019-02,0.49725077478997726,0.10000000149011612,118.9000015258789,1.9685215080129723
25816,A Coruña,2019-02,1.9232838682911202,0.17749999463558197,96.4625015258789,5.2998970857585235
25817,Lugo,2019-02,0.7367342424843379,0.15000000596046448,102.9375,2.7722659232685904
25818,Ourense,2019-02,0.8396986022475634,0.1525000035762787,78.55999755859375,2.533346164627614
25819,Pontevedra,2019-02,2.69255278969664,0.17000000178813934,94.08000183105469,5.88275206210022
25788,Illes Balears,2019-02,2.898541922584734,0.12250000238418579,257.8949890136719,9.45411601886763
25827,La Rioja,2019-02,1.714141075503686,0.15000000596046448,243.55250549316406,7.943806594528924
25824,Araba/Álava,2019-02,2.9031145216624985,0.19750000536441803,205.5175018310547,12.447402430012321
25826,Bizkaia,2019-02,5.920866078683407,0.24000000953674316,192.30499267578125,15.005259741027254
25825,Gipuzkoa,2019-02,4.123388226075963,0.2475000023841858,156.3050079345703,10.488427846260686
25787,Asturias,2019-02,1.727855702295332,0.14249999821186066,130.34249877929688,6.606339947031792
25822,Murcia,2019-02,3.123566965071907,0.13750000298023224,270.49249267578125,9.835893173510293
25776,Almería,2019-03,1.5834451799314864,0.12999999523162842,137.49249267578125,6.875751259294019
25777,Cádiz,2019-03,2.9530154415336622,0.16750000417232513,246.02249145507812,13.312548014628284
25778,Córdoba,2019-03,1.093269296627203,0.11249999701976776,119.9175033569336,5.174285820213642
25779,Granada,2019-03,1.2270720939728985,0.0949999988079071,132.52000427246094,5.525877479371007
25780,Huelva,2019-03,1.1166574685586235,0.11249999701976776,195.7550048828125,6.336176618098133
25781,Jaén,2019-03,1.049504233031993,0.125,154.7100067138672,4.733419721725376
25782,Málaga,2019-03,3.225032570932874,0.17499999701976776,187.15249633789062,11.90547430882186
25783,Sevilla,2019-03,2.3700218832620794,0.11500000208616257,153.20999145507812,9.714486069561472
25784,Huesca,2019-03,0.6195650605746302,0.10999999940395355,185.01499938964844,3.37932209352109
25785,Teruel,2019-03,0.4880761490036888,0.10750000178813934,139.6425018310547,2.389391683923559
25786,Zaragoza,2019-03,1.3732926297189139,0.11749999970197678,183.11000061035156,7.331466152872953
25789,Las Palmas,2019-03,3.719577778573931,0.14499999582767487,127.4749984741211,10.084986843409771
25790,Santa Cruz de Tenerife,2019-03,2.8804613953837803,-0.07249999791383743,107.94749450683594,7.922441143561592
25791,Cantabria,2019-03,1.8979687480710221,0.15000000596046448,128.28250122070312,5.881628265638176
25801,Albacete,2019-03,0.6164847471482131,0.13249999284744263,108.16500091552734,2.9354567415849466
25802,Ciudad Real,2019-03,0.7323603021813697,0.0949999988079071,250.0625,4.381548304203712
25803,Cuenca,2019-03,0.5352728769270504,0.11249999701976776,115.67250061035156,2.359745048275361
25804,Guadalajara,2019-03,0.6897103576560698,0.10000000149011612,87.3125,2.9470913391894813
25805,Toledo,2019-03,1.230049283116163,0.0949999988079071,102.60250091552734,4.214947979922875
25792,Ávila,2019-03,0.5724143220083472,0.11249999701976776,49.20750045776367,1.6573133113482483
25793,Burgos,2019-03,0.6943641543196697,0.13500000536441803,121.72999572753906,3.346634218909013
25794,León,2019-03,0.8559885498397394,0.10999999940395355,107.41749572753906,3.586789948608761
25795,Palencia,2019-03,0.6330293187377187,0.11500000208616257,83.26000213623047,2.6550698223662
25796,Salamanca,2019-03,0.6777470647450939,0.11999999731779099,148.46249389648438,3.7424872267921017
25797,Segovia,2019-03,0.8000397688493475,0.13750000298023224,91.5425033569336,2.813711309414538
25798,Soria,2019-03,0.5553102528789716,0.12999999523162842,632.364990234375,6.244583631586303
25799,Valladolid,2019-03,1.3969784549662683,0.1525000035762787,109.63749694824219,5.45177430361781
25800,Zamora,2019-03,0.510537231922543,0.10750000178813934,91.54499816894531,2.438815099069492
25806,Barcelona,2019-03,7.546129868710474,0.1599999964237213,283.9375,18.24313642818016
25807,Girona,2019-03,2.54747265356059,0.1550000011920929,112.74500274658203,7.402882728125828
25808,Lleida,2019-03,0.9540478836356252,0.12999999523162842,83.19750213623047,3.298820283906405
25809,Tarragona,2019-03,2.8554734513581,0.13249999284744263,173.35250854492188,9.64978332513979
25810,Ceuta,2019-03,21.643977065667595,0.9100000262260437,97.06500244140625,25.521202843966748
25821,Melilla,2019-03,65.28491217874324,0.29500001668930054,247.97999572753906,62.371230513003766
25820,Madrid,2019-03,9.59516843810213,0.18000000715255737,191.62750244140625,20.600275947203603
25823,Navarra,2019-03,1.4553991717056656,0.12250000238418579,99.14250183105469,5.058298314399721
25811,Alicante/Alacant,2019-03,6.732371671070261,0.26749998331069946,166.27499389648438,16.14830349979318
25812,Castellón/Castelló,2019-03,2.324618971263819,0.11749999970197678,197.76998901367188,9.948463317435086
25813,Valencia/València,2019-03,3.796211013143628,0.14000000059604645,281.5874938964844,13.013312937505226
25814,Badajoz,2019-03,0.6602537744373475,0.10750000178813934,75.79249572753906,2.7147594069240037
25815,Cáceres,2019-03,0.4846770523931773,0.09750000387430191,113.2249984741211,1.9552039531603354
25816,A Coruña,2019-03,1.839590591257297,0.16750000417232513,102.83749389648438,5.19174575626076
25817,Lugo,2019-03,0.695929210235065,0.1224999949336052,133.57749938964844,2.919639202655578
25818,Ourense,2019-03,0.8253055776043424,0.11499999463558197,92.99749755859375,2.7120199254644106
25819,Pontevedra,2019-03,2.598285957809617,0.19750000536441803,86.49500274658203,5.49942277096013
25788,Illes Balears,2019-03,3.048203653836777,0.09749999642372131,290.91998291015625,10.17430694273622
25827,La Rioja,2019-03,1.6992572794719074,0.13750000298023224,209.7624969482422,7.6204999362469446
25824,Araba/Álava,2019-03,2.6627373051108343,0.20499999821186066,193.9250030517578,11.59463322681908
25826,Bizkaia,2019-03,5.869733223315774,0.22999998927116394,174.1949920654297,14.398964970447706
25825,Gipuzkoa,2019-03,4.07061670230583,0.26999998092651367,124.9574966430664,9.426810365240662
25787,Asturias,2019-03,1.6644240482401582,0.1274999976158142,128.75,5.9651029639317095
25822,Murcia,2019-03,3.176847802224529,0.13750000298023224,290.2200012207031,10.021652295552041
25776,Almería,2019-04,1.5886125671321256,0.17249999940395355,133.9250030517578,6.797134317943421
25777,Cádiz,2019-04,2.885549702071712,0.23749999701976776,260.13250732421875,12.501965496038853
25778,Córdoba,2019-04,1.0574237292200046,0.1599999964237213,102.39500427246094,4.539134620581112
25779,Granada,2019-04,1.162235077925773,0.0,109.97750091552734,4.528856135128522
25780,Huelva,2019-04,1.17070193460381,0.1550000011920929,219.0225067138672,6.241897185901837
25781,Jaén,2019-04,1.032893327544842,0.15000000596046448,151.8125,4.201531327366647
25782,Málaga,2019-04,3.11420392915665,0.2199999988079071,199.5124969482422,11.318468458216508
25783,Sevilla,2019-04,2.2777524436931267,0.18000000715255737,156.28750610351562,8.908460502894929
25784,Huesca,2019-04,0.5986106975585103,-0.07249999791383743,188.09249877929688,3.240124605169182
25785,Teruel,2019-04,0.5080102882504394,0.12999999523162842,107.28499603271484,2.0238218170696234
25786,Zaragoza,2019-04,1.3249136387082023,0.11250000447034836,169.4824981689453,6.705910304885977
25789,Las Palmas,2019-04,3.5898175867119186,0.20999999344348907,112.32250213623047,9.232569944414898
25790,Santa Cruz de Tenerife,2019-04,2.7911827121748836,-0.09000000357627869,102.00749969482422,7.573556306133752
25791,Cantabria,2019-04,1.8934750296302127,0.08500000089406967,135.51499938964844,5.744568172923806
25801,Albacete,2019-04,0.6152102226378208,0.1574999988079071,78.75749969482422,2.368753765745767
25802,Ciudad Real,2019-04,0.7461791248423538,0.13500000536441803,270.322509765625,4.271292772119106
25803,Cuenca,2019-04,0.5566889340194604,0.1274999976158142,103.96749877929688,2.0829930114472037
25804,Guadalajara,2019-04,0.6892424644173809,0.13249999284744263,80.625,2.6169920380564373
25805,Toledo,2019-04,1.2080989667787478,0.14249999821186066,95.01249694824219,3.782579770627612
25792,Ávila,2019-04,0.6037128841758443,0.1574999988079071,47.682498931884766,1.662810477198066
25793,Burgos,2019-04,0.6721015280426815,0.08249999582767487,100.23749542236328,3.0456665637176425
25794,León,2019-04,0.8545357557076105,0.08500000089406967,102.6050033569336,3.421629064278901
25795,Palencia,2019-04,0.6508074212389265,0.09750000387430191,90.97250366210938,2.834265198349706
25796,Salamanca,2019-04,0.7057204134632166,0.13249999284744263,130.36000061035156,3.4503361045521554
25797,Segovia,2019-04,0.8507506635243768,0.18000000715255737,97.47000122070312,2.8523808720892196
25798,Soria,2019-04,0.613336096162594,0.11749999970197678,588.6275024414062,6.766202965663483
25799,Valladolid,2019-04,1.417031294443876,0.17000000178813934,102.09249877929688,5.327000082416588
25800,Zamora,2019-04,0.5410030322607045,0.125,111.3125,2.5867696101373987
25806,Barcelona,2019-04,6.940300284144639,0.125,203.54000854492188,16.239073864542885
25807,Girona,2019-04,2.2212182521689217,0.08749999850988388,110.26750183105469,6.256963227479972
25808,Lleida,2019-04,0.9079920287801988,0.07750000059604645,78.0625,3.055681680410803
25809,Tarragona,2019-04,2.7410983458432976,0.1599999964237213,279.1750183105469,9.481946006798253
25810,Ceuta,2019-04,17.218219832123616,0.9774999618530273,81.1624984741211,20.40871218429938
25821,Melilla,2019-04,57.67250441440596,0.45249998569488525,235.19500732421875,56.49338964741876
25820,Madrid,2019-04,8.903083528857065,0.2175000011920929,163.50750732421875,18.472653371008274
25823,Navarra,2019-04,1.3877290524027697,0.005000000819563866,105.02999877929688,4.794586036457289
25811,Alicante/Alacant,2019-04,6.254965266751587,0.2874999940395355,155.1999969482422,14.755877747030176
25812,Castellón/Castelló,2019-04,2.298567658005327,0.13750000298023224,196.28500366210938,9.731535044729682
25813,Valencia/València,2019-04,3.5894252056308367,0.125,237.46249389648438,11.821446868472165
25814,Badajoz,2019-04,0.6921922075950425,0.13249999284744263,68.53250122070312,2.5136172879755794
25815,Cáceres,2019-04,0.5144061157645271,0.10249999910593033,102.1875,1.8597599314538016
25816,A Coruña,2019-04,2.115369063425023,0.1599999964237213,114.80750274658203,6.270895022333966
25817,Lugo,2019-04,0.6510934101481991,0.10750000178813934,66.81749725341797,1.9192595361794904
25818,Ourense,2019-04,0.877959760822616,0.12999999523162842,94.96249389648438,2.697745334544064
25819,Pontevedra,2019-04,2.9671729950745043,0.19249999523162842,91.94999694824219,6.281895165938819
25788,Illes Balears,2019-04,2.9879866528455765,0.12999999523162842,275.5849914550781,9.706308723519626
25827,La Rioja,2019-04,1.5292865897858845,0.11500000208616257,179.7274932861328,6.297492035575293
25824,Araba/Álava,2019-04,2.518205191045299,0.16749998927116394,167.77749633789062,10.106981032559855
25826,Bizkaia,2019-04,6.130409582656976,0.2150000035762787,434.5824890136719,16.417371794449593
25825,Gipuzkoa,2019-04,4.385751846387647,0.2199999988079071,164.40499877929688,11.438237856073355
25787,Asturias,2019-04,1.705424856694955,0.08500000089406967,524.2150268554688,8.160351301008973
25822,Murcia,2019-04,3.0414906008652807,0.1599999964237213,303.54998779296875,9.577121449593577
25776,Almería,2019-05,1.4211009482612094,0.03500000014901161,108.5574951171875,5.7672306271830385
25777,Cádiz,2019-05,2.6447273583306474,0.16499999165534973,269.1474914550781,12.065570930177442
25778,Córdoba,2019-05,1.0242432557536312,0.10000000149011612,98.41749572753906,4.355135288895821
25779,Granada,2019-05,1.1792571096413191,0.0625,116.67500305175781,5.031883825140463
25780,Huelva,2019-05,1.0632669105359671,0.10750000178813934,173.3125,6.139175071614403
25781,Jaén,2019-05,1.038516021011649,0.07000000029802322,144.9324951171875,4.288596187939965
25782,Málaga,2019-05,3.114917094919145,0.20499999821186066,182.4425048828125,11.299269976451155
25783,Sevilla,2019-05,2.275926910198569,0.11999999731779099,280.56500244140625,9.442867190014496
25784,Huesca,2019-05,0.0,0.0,0.0,0.0
25785,Teruel,2019-05,0.12942471356643234,0.0,112.65750122070312,1.7542480860974135
25786,Zaragoza,2019-05,0.0,0.0,0.0,0.0
25789,Las Palmas,2019-05,3.5126180504004463,0.0,143.97999572753906,8.663118643647262
25790,Santa Cruz de Tenerife,2019-05,2.826198748619869,-0.009999999776482582,105.70999908447266,7.86492011175859
25791,Cantabria,2019-05,0.0,0.0,0.0,0.0
25801,Albacete,2019-05,0.6420641834232148,-0.08249999582767487,134.55250549316406,2.926285952821274
25802,Ciudad Real,2019-05,0.7691786135865866,0.009999999776482582,166.21499633789062,4.056399049954071
25803,Cuenca,2019-05,0.5953521583626372,-0.032499998807907104,88.77249908447266,2.306063703818132
25804,Guadalajara,2019-05,0.08163488880810811,0.0,33.38999938964844,0.6296074853475216
25805,Toledo,2019-05,1.2654693819569687,0.07000000029802322,108.01249694824219,4.294555779800241
25792,Ávila,2019-05,0.3123463312046537,0.0,51.27000045776367,1.1507338513458467
25793,Burgos,2019-05,0.0,0.0,0.0,0.0
25794,León,2019-05,0.0,0.0,0.0,0.0
25795,Palencia,2019-05,0.0,0.0,0.0,0.0
25796,Salamanca,2019-05,0.16630786455386506,-0.07999999821186066,65.55500030517578,1.076924141901646
25797,Segovia,2019-05,0.0,0.0,0.0,0.0
25798,Soria,2019-05,0.0,0.0,0.0,0.0
25799,Valladolid,2019-05,0.0,0.0,0.0,0.0
25800,Zamora,2019-05,0.0,0.0,0.0,0.0
25806,Barcelona,2019-05,0.0,0.0,0.0,0.0
25807,Girona,2019-05,0.0,0.0,0.0,0.0
25808,Lleida,2019-05,0.0,0.0,0.0,0.0
25809,Tarragona,2019-05,0.0,0.0,0.0,0.0
25810,Ceuta,2019-05,20.529297579424615,0.7124999761581421,92.93250274658203,25.179353852741418
25821,Melilla,2019-05,51.58887047394449,0.29249998927116394,196.875,49.157826786998356
25820,Madrid,2019-05,7.347154717933965,0.0,179.89999389648438,18.980310342174764
25823,Navarra,2019-05,0.0,0.0,0.0,0.0
25811,Alicante/Alacant,2019-05,6.277259142003225,0.16250000894069672,156.8699951171875,14.867828250057885
25812,Castellón/Castelló,2019-05,1.9939573794289343,-0.10000000149011612,201.2725067138672,9.8817077123114
25813,Valencia/València,2019-05,3.620641732710663,0.0,224.13499450683594,12.011967954429924
25814,Badajoz,2019-05,0.6497459978780563,0.0,93.1824951171875,2.3074348052999634
25815,Cáceres,2019-05,0.49979700155135437,-0.02499999850988388,120.82749938964844,1.9844880045853814
25816,A Coruña,2019-05,0.0,0.0,0.0,0.0
25817,Lugo,2019-05,0.0,0.0,0.0,0.0
25818,Ourense,2019-05,0.0,0.0,0.0,0.0
25819,Pontevedra,2019-05,0.0,0.0,0.0,0.0
25788,Illes Balears,2019-05,3.036587507757194,-0.20000000298023224,402.5350036621094,10.827967580301024
25827,La Rioja,2019-05,0.0,0.0,0.0,0.0
25824,Araba/Álava,2019-05,0.0,0.0,0.0,0.0
25826,Bizkaia,2019-05,0.0,0.0,0.0,0.0
25825,Gipuzkoa,2019-05,0.0,0.0,0.0,0.0
25787,Asturias,2019-05,0.0,0.0,0.0,0.0
25822,Murcia,2019-05,3.0168551936197274,-0.042500000447034836,367.0325012207031,9.741614387589122
25776,Almería,2019-06,0.0,0.0,0.0,0.0
25777,Cádiz,2019-06,0.0,0.0,0.0,0.0
25778,Córdoba,2019-06,0.0,0.0,0.0,0.0
25779,Granada,2019-06,0.0,0.0,0.0,0.0
25780,Huelva,2019-06,0.0,0.0,0.0,0.0
25781,Jaén,2019-06,0.0,0.0,0.0,0.0
25782,Málaga,2019-06,0.0,0.0,0.0,0.0
25783,Sevilla,2019-06,0.0,0.0,0.0,0.0
25784,Huesca,2019-06,0.0,0.0,0.0,0.0
25785,Teruel,2019-06,0.0,0.0,0.0,0.0
25786,Zaragoza,2019-06,0.0,0.0,0.0,0.0
25789,Las Palmas,2019-06,3.455973501941119,0.20499999821186066,106.66999816894531,8.530195142415149
25790,Santa Cruz de Tenerife,2019-06,2.717127233674968,0.0,84.08749389648438,6.766232799710157
25791,Cantabria,2019-06,0.0,0.0,0.0,0.0
25801,Albacete,2019-06,0.0,0.0,0.0,0.0
25802,Ciudad Real,2019-06,0.0,0.0,0.0,0.0
25803,Cuenca,2019-06,0.0,0.0,0.0,0.0
25804,Guadalajara,2019-06,0.0,0.0,0.0,0.0
25805,Toledo,2019-06,0.0,0.0,0.0,0.0
25792,Ávila,2019-06,0.0,0.0,0.0,0.0
25793,Burgos,2019-06,0.0,0.0,0.0,0.0
25794,León,2019-06,0.0,0.0,0.0,0.0
25795,Palencia,2019-06,0.0,0.0,0.0,0.0
25796,Salamanca,2019-06,0.0,0.0,0.0,0.0
25797,Segovia,2019-06,0.0,0.0,0.0,0.0
25798,Soria,2019-06,0.0,0.0,0.0,0.0
25799,Valladolid,2019-06,0.0,0.0,0.0,0.0
25800,Zamora,2019-06,0.0,0.0,0.0,0.0
25806,Barcelona,2019-06,0.0,0.0,0.0,0.0
25807,Girona,2019-06,0.0,0.0,0.0,0.0
25808,Lleida,2019-06,0.0,0.0,0.0,0.0
25809,Tarragona,2019-06,0.0,0.0,0.0,0.0
25810,Ceuta,2019-06,0.0,0.0,0.0,0.0
25821,Melilla,2019-06,0.0,0.0,0.0,0.0
25820,Madrid,2019-06,0.0,0.0,0.0,0.0
25823,Navarra,2019-06,0.0,0.0,0.0,0.0
25811,Alicante/Alacant,2019-06,0.0,0.0,0.0,0.0
25812,Castellón/Castelló,2019-06,0.0,0.0,0.0,0.0
25813,Valencia/València,2019-06,0.0,0.0,0.0,0.0
25814,Badajoz,2019-06,0.0,0.0,0.0,0.0
25815,Cáceres,2019-06,0.0,0.0,0.0,0.0
25816,A Coruña,2019-06,0.0,0.0,0.0,0.0
25817,Lugo,2019-06,0.0,0.0,0.0,0.0
25818,Ourense,2019-06,0.0,0.0,0.0,0.0
25819,Pontevedra,2019-06,0.0,0.0,0.0,0.0
25788,Illes Balears,2019-06,0.0,0.0,0.0,0.0
25827,La Rioja,2019-06,0.0,0.0,0.0,0.0
25824,Araba/Álava,2019-06,0.0,0.0,0.0,0.0
25826,Bizkaia,2019-06,0.0,0.0,0.0,0.0
25825,Gipuzkoa,2019-06,0.0,0.0,0.0,0.0
25787,Asturias,2019-06,0.0,0.0,0.0,0.0
25822,Murcia,2019-06,0.0,0.0,0.0,0.0
25776,Almería,2019-07,1.669501472837364,-0.10000000149011612,165.7550048828125,7.183951800833039
25777,Cádiz,2019-07,2.6942878629426104,0.042500000447034836,300.99749755859375,11.93462263981601
25778,Córdoba,2019-07,1.0656082901911308,-0.550000011920929,86.48749542236328,4.102976684911485
25779,Granada,2019-07,1.3937900512959442,-0.054999999701976776,136.2050018310547,5.709447511863851
25780,Huelva,2019-07,1.205944426734914,-0.15000000596046448,236.31500244140625,7.03072164372831
25781,Jaén,2019-07,1.170758679984545,-0.44999998807907104,113.9749984741211,4.655588097337978
25782,Málaga,2019-07,3.375386003373392,0.11499999463558197,193.6824951171875,11.733778873211246
25783,Sevilla,2019-07,2.380063970704714,-0.16500000655651093,139.239990234375,9.295378635386065
25784,Huesca,2019-07,0.0,0.0,0.0,0.0
25785,Teruel,2019-07,0.0,0.0,0.0,0.0
25786,Zaragoza,2019-07,0.0,0.0,0.0,0.0
25789,Las Palmas,2019-07,3.3918014715335585,0.0,110.24250030517578,8.537279405804647
25790,Santa Cruz de Tenerife,2019-07,2.7273321691558667,0.0,104.25999450683594,7.860041119563357
25791,Cantabria,2019-07,0.0,0.0,0.0,0.0
25801,Albacete,2019-07,0.15674614807503165,-0.28999999165534973,43.34749984741211,0.8631570275081074
25802,Ciudad Real,2019-07,0.28627455026764076,-0.3199999928474426,213.5500030517578,3.2641909150310324
25803,Cuenca,2019-07,0.0,0.0,0.0,0.0
25804,Guadalajara,2019-07,0.0,0.0,0.0,0.0
25805,Toledo,2019-07,0.0,0.0,0.0,0.0
25792,Ávila,2019-07,0.0,0.0,0.0,0.0
25793,Burgos,2019-07,0.0,0.0,0.0,0.0
25794,León,2019-07,0.0,0.0,0.0,0.0
25795,Palencia,2019-07,0.0,0.0,0.0,0.0
25796,Salamanca,2019-07,0.0,0.0,0.0,0.0
25797,Segovia,2019-07,0.0,0.0,0.0,0.0
25798,Soria,2019-07,0.0,0.0,0.0,0.0
25799,Valladolid,2019-07,0.0,0.0,0.0,0.0
25800,Zamora,2019-07,0.0,0.0,0.0,0.0
25806,Barcelona,2019-07,0.0,0.0,0.0,0.0
25807,Girona,2019-07,0.0,0.0,0.0,0.0
25808,Lleida,2019-07,0.0,0.0,0.0,0.0
25809,Tarragona,2019-07,0.0,0.0,0.0,0.0
25810,Ceuta,2019-07,15.582465222814893,0.6650000214576721,65.45999908447266,18.2589553909938
25821,Melilla,2019-07,50.55199711952851,0.32499998807907104,184.875,49.01608579795811
25820,Madrid,2019-07,0.0,0.0,0.0,0.0
25823,Navarra,2019-07,0.0,0.0,0.0,0.0
25811,Alicante/Alacant,2019-07,5.988747252861117,-0.14000000059604645,182.89999389648438,15.078098786758655
25812,Castellón/Castelló,2019-07,0.0,0.0,0.0,0.0
25813,Valencia/València,2019-07,0.1564323096716542,0.0,68.30000305175781,1.8944743112875762
25814,Badajoz,2019-07,0.14678041424987107,-0.25,46.685001373291016,1.158152451762222
25815,Cáceres,2019-07,0.0,0.0,0.0,0.0
25816,A Coruña,2019-07,0.0,0.0,0.0,0.0
25817,Lugo,2019-07,0.0,0.0,0.0,0.0
25818,Ourense,2019-07,0.0,0.0,0.0,0.0
25819,Pontevedra,2019-07,0.0,0.0,0.0,0.0
25788,Illes Balears,2019-07,0.32247571387208707,-0.047499995678663254,117.3550033569336,3.8302253614511685
25827,La Rioja,2019-07,0.0,0.0,0.0,0.0
25824,Araba/Álava,2019-07,0.0,0.0,0.0,0.0
25826,Bizkaia,2019-07,0.0,0.0,0.0,0.0
25825,Gipuzkoa,2019-07,0.0,0.0,0.0,0.0
25787,Asturias,2019-07,0.0,0.0,0.0,0.0
25822,Murcia,2019-07,3.1050286642574303,-0.20000000298023224,431.7974853515625,9.904001324294345
25776,Almería,2019-08,1.4494906006634076,0.04749999940395355,132.65249633789062,6.110541557407305
25777,Cádiz,2019-08,2.786625748719866,0.12999999523162842,259.31500244140625,12.09146221915074
25778,Córdoba,2019-08,1.0215599581319328,0.07750000059604645,106.68000030517578,4.689284175287688
25779,Granada,2019-08,1.1470712362613904,0.08500000089406967,111.38999938964844,4.840683346095639
25780,Huelva,2019-08,1.092516464555148,0.07999999821186066,223.24000549316406,6.644805469065702
25781,Jaén,2019-08,0.9791382073464521,0.07750000059604645,131.3300018310547,4.222335700908825
25782,Málaga,2019-08,2.9786136170080146,0.13500000536441803,199.86248779296875,10.370595353406326
25783,Sevilla,2019-08,2.2725194952732988,0.08500000089406967,133.02999877929688,9.173814224458926
25784,Huesca,2019-08,0.5697372516231463,0.0625,156.99749755859375,2.8879169096987805
25785,Teruel,2019-08,0.427812851546406,0.0024999999441206455,131.1475067138672,2.1995409940193102
25786,Zaragoza,2019-08,1.2643345093808844,0.032499998807907104,162.03500366210938,6.2939718909445705
25789,Las Palmas,2019-08,3.4122200374164366,0.11249999701976776,118.09750366210938,8.84127480022966
25790,Santa Cruz de Tenerife,2019-08,2.7485367989806697,-0.009999999776482582,98.27999877929688,7.7596552753241586
25791,Cantabria,2019-08,1.2580395965088622,0.0,72.73249816894531,3.850082374880012
25801,Albacete,2019-08,0.5439258916692318,0.07000000029802322,68.02249908447266,2.3287005903372675
25802,Ciudad Real,2019-08,0.7075727129352357,0.03999999910593033,255.37750244140625,4.368709895016841
25803,Cuenca,2019-08,0.5126825822944657,-0.019999999552965164,90.61250305175781,2.1079453264563
25804,Guadalajara,2019-08,0.6611555519737993,0.0,85.69499969482422,2.6527253792104326
25805,Toledo,2019-08,1.1945432613027127,0.05000000074505806,80.00250244140625,3.7785218245869343
25792,Ávila,2019-08,0.5532965431165742,0.04749999940395355,47.99250030517578,1.5617144397919456
25793,Burgos,2019-08,0.660297575931663,0.0,107.20249938964844,3.2011093560047423
25794,León,2019-08,0.7729876395527527,0.06000000238418579,80.34500122070312,2.814727443346491
25795,Palencia,2019-08,0.6431145915797555,0.04500000178813934,85.19000244140625,2.6758259084914857
25796,Salamanca,2019-08,0.634789558260342,0.04500000178813934,112.5574951171875,3.1566906156249273
25797,Segovia,2019-08,0.8335056186756397,0.08500000089406967,86.97999572753906,2.7120441197816816
25798,Soria,2019-08,0.46625747030986026,0.04749999940395355,78.24250030517578,2.0466884386602455
25799,Valladolid,2019-08,1.3853123532615206,0.125,99.68499755859375,5.161910394016931
25800,Zamora,2019-08,0.5032971406617194,0.04749999940395355,97.18499755859375,2.48626660369073
25806,Barcelona,2019-08,6.87466189480779,0.13250000774860382,264.2200012207031,15.921349605302796
25807,Girona,2019-08,2.4473979386263744,0.13249999284744263,93.93000030517578,6.473578156987865
25808,Lleida,2019-08,0.889875733830177,0.03999999910593033,59.06999969482422,2.7297346368218314
25809,Tarragona,2019-08,2.6024740127520376,0.04749999940395355,183.8800048828125,8.49935700367237
25810,Ceuta,2019-08,16.850584180620835,1.0525000095367432,64.81999969482422,18.432440198208056
25821,Melilla,2019-08,46.717242262343774,0.23250000178813934,175.3824920654297,42.737319636868015
25820,Madrid,2019-08,8.686756627537692,0.09749999642372131,171.92250061035156,17.507273252708057
25823,Navarra,2019-08,1.3957537447271229,0.0,90.60499572753906,4.909237847767399
25811,Alicante/Alacant,2019-08,5.882487027355544,0.27000001072883606,140.8125,13.061069237957687
25812,Castellón/Castelló,2019-08,2.1167267289367917,0.05249999836087227,159.46499633789062,8.78134832428613
25813,Valencia/València,2019-08,3.3727580767994945,0.057500001043081284,209.33499145507812,10.57680129481667
25814,Badajoz,2019-08,0.6307514388710919,0.054999999701976776,67.30999755859375,2.587327498861006
25815,Cáceres,2019-08,0.4516838240987875,0.019999999552965164,107.42250061035156,1.8160430300890296
25816,A Coruña,2019-08,1.9685654999074118,-0.18000000715255737,108.64500427246094,6.297338576174969
25817,Lugo,2019-08,0.2541661561620068,0.0,46.20000076293945,0.852016607307486
25818,Ourense,2019-08,0.8716084002493467,0.07249999791383743,89.27749633789062,2.8457761012878686
25819,Pontevedra,2019-08,3.08255120094066,0.0,99.26499938964844,6.919785252041818
25788,Illes Balears,2019-08,2.9927402675776005,0.04500000178813934,258.26251220703125,9.080108451699056
25827,La Rioja,2019-08,1.5842634878130086,0.09749999642372131,194.65499877929688,6.686137905987303
25824,Araba/Álava,2019-08,2.111145225468018,0.0,151.28250122070312,9.343745603179656
25826,Bizkaia,2019-08,5.1138098209201495,0.0,142.385009765625,13.290452855973976
25825,Gipuzkoa,2019-08,3.057763296072508,0.0,69.25749969482422,5.483452577170777
25787,Asturias,2019-08,1.1413007951570173,-0.009999999776482582,532.91748046875,8.01875304910711
25822,Murcia,2019-08,2.8125496019192373,0.08500000089406967,368.9725036621094,8.43300927995639
25776,Almería,2019-09,1.4552668946800802,0.16500000655651093,117.0250015258789,5.9728711839261255
25777,Cádiz,2019-09,2.823970333271891,0.21250000596046448,211.6999969482422,11.69197460602444
25778,Córdoba,2019-09,1.0890112856034724,0.1599999964237213,104.11499786376953,4.662782760606302
25779,Granada,2019-09,1.1806656889120157,0.1550000011920929,113.78250122070312,4.750450110355282
25780,Huelva,2019-09,1.1954168230623547,0.16249999403953552,264.54998779296875,6.586873265745093
25781,Jaén,2019-09,1.0406409565716275,0.15000000596046448,133.2949981689453,4.261325477524042
25782,Málaga,2019-09,3.0439711758958423,0.23499999940395355,177.89999389648438,10.64724859616821
25783,Sevilla,2019-09,2.3319484635171874,0.17249999940395355,135.72500610351562,8.784323945354004
25784,Huesca,2019-09,0.6057400371171946,0.15000000596046448,174.01998901367188,3.1337252698844265
25785,Teruel,2019-09,0.4911910112181931,0.13750000298023224,97.90249633789062,2.004187829969301
25786,Zaragoza,2019-09,1.3314373485598563,0.15000000596046448,169.39500427246094,6.744635787082092
25789,Las Palmas,2019-09,3.4288455167886758,0.15000000596046448,116.34500122070312,9.085857103345091
25790,Santa Cruz de Tenerife,2019-09,2.681348314320422,0.0,87.02249908447266,7.414383011345539
25791,Cantabria,2019-09,1.7082658191070577,0.1850000023841858,97.51750183105469,4.9341574339598715
25801,Albacete,2019-09,0.5957961746492434,0.14499999582767487,69.12750244140625,2.153065935169528
25802,Ciudad Real,2019-09,0.7684998780896908,0.125,245.0625,4.211330586055298
25803,Cuenca,2019-09,0.5801277261584987,0.13750000298023224,90.4800033569336,2.116757129396533
25804,Guadalajara,2019-09,0.7167302244959188,0.14249999821186066,95.12999725341797,2.7311557012039445
25805,Toledo,2019-09,1.2628778366862854,0.14249999821186066,91.08499908447266,3.9130762411482127
25792,Ávila,2019-09,0.6086324201233447,0.1525000035762787,52.26499938964844,1.6822616472324492
25793,Burgos,2019-09,0.7256197357613057,0.1599999964237213,114.35749816894531,3.384383276463199
25794,León,2019-09,0.8503730153128326,0.1599999964237213,86.76249694824219,2.890606618217368
25795,Palencia,2019-09,0.7047000841078633,0.17000000178813934,93.52999877929688,2.99454576357649
25796,Salamanca,2019-09,0.7197040738818594,0.1574999988079071,138.59249877929688,3.6310581448593044
25797,Segovia,2019-09,0.873089863189921,0.19249999523162842,99.13499450683594,2.88295043619816
25798,Soria,2019-09,0.5097450461092973,0.1599999964237213,76.40249633789062,2.094154902406673
25799,Valladolid,2019-09,1.4705825460476853,0.20999999344348907,105.67500305175781,5.513218351146795
25800,Zamora,2019-09,0.5672974056373702,0.1574999988079071,112.7550048828125,2.697026792433737
25806,Barcelona,2019-09,6.852217205043127,0.18000000715255737,200.135009765625,16.179525124690887
25807,Girona,2019-09,2.386564023558661,0.1850000023841858,110.27749633789062,6.748242014572837
25808,Lleida,2019-09,0.9048429241124977,0.15000000596046448,69.06749725341797,3.0513060193599717
25809,Tarragona,2019-09,2.679759246518421,0.16499999165534973,198.25250244140625,9.176322592471038
25810,Ceuta,2019-09,15.959879275484859,0.8450000286102295,63.904998779296875,17.779847252320916
25821,Melilla,2019-09,53.77172146862853,0.3824999928474426,238.8574981689453,53.1478125583056
25820,Madrid,2019-09,8.933349466140633,0.21250000596046448,181.17250061035156,18.39063229546999
25823,Navarra,2019-09,1.4818229145824757,0.13750000298023224,101.82249450683594,5.265697514877636
25811,Alicante/Alacant,2019-09,5.807401857870138,0.2549999952316284,137.8249969482422,13.169233593793376
25812,Castellón/Castelló,2019-09,2.144409619677079,0.14000000059604645,166.9199981689453,8.58941694963881
25813,Valencia/València,2019-09,3.305041649913255,0.16249999403953552,179.83499145507812,10.024942855956015
25814,Badajoz,2019-09,0.7307115076782424,0.13750000298023224,65.68499755859375,2.6806903740101764
25815,Cáceres,2019-09,0.5231540758019301,0.14249999821186066,108.81999969482422,1.8441550812225351
25816,A Coruña,2019-09,2.161390401742042,0.24250000715255737,112.1875,5.937148087616501
25817,Lugo,2019-09,0.7889605253497542,0.1875,112.18499755859375,2.8560439895229055
25818,Ourense,2019-09,0.9192492652848223,0.18000000715255737,85.67250061035156,2.6535558504356263
25819,Pontevedra,2019-09,3.0309697263486535,0.26249998807907104,85.76750183105469,6.37906401027189
25788,Illes Balears,2019-09,2.9808687876715787,0.15000000596046448,280.7925109863281,9.367164545298452
25827,La Rioja,2019-09,1.6576741861974766,0.17750000953674316,183.54750061035156,6.725840170068507
25824,Araba/Álava,2019-09,2.5993121153114984,0.21000000834465027,172.10499572753906,10.5678172530007
25826,Bizkaia,2019-09,5.475719316858165,0.2549999952316284,158.09249877929688,13.187001828574507
25825,Gipuzkoa,2019-09,3.874495280313771,0.2800000011920929,115.72500610351562,9.243084967315436
25787,Asturias,2019-09,1.5475383856730394,0.17500001192092896,176.6425018310547,5.503405258285261
25822,Murcia,2019-09,2.7858895989324277,0.1574999988079071,227.98001098632812,8.05408436991418
25776,Almería,2019-10,1.6009117324612148,0.2199999988079071,135.88499450683594,6.675837085396799
25777,Cádiz,2019-10,2.8720576862514307,0.27250000834465027,277.77001953125,12.17997271960569
25778,Córdoba,2019-10,1.1477396521410108,0.2175000011920929,100.96499633789062,4.672141775633575
25779,Granada,2019-10,1.2526004123448773,0.2150000035762787,128.03750610351562,5.02785627572952
25780,Huelva,2019-10,1.3022593696067115,0.26249998807907104,234.09500122070312,6.927432334826335
25781,Jaén,2019-10,1.1210272909465453,0.2199999988079071,153.84249877929688,4.469353835790681
25782,Málaga,2019-10,3.145522929684393,0.27000001072883606,206.4949951171875,11.264924269832255
25783,Sevilla,2019-10,2.417559140516822,0.24500000476837158,132.85499572753906,9.144543305897557
25784,Huesca,2019-10,0.6539220866082911,0.14749999344348907,177.56500244140625,3.1626905252576334
25785,Teruel,2019-10,0.5486461152524381,0.17499999701976776,123.72500610351562,2.120231211706971
25786,Zaragoza,2019-10,1.367272916700895,0.16249999403953552,173.85250854492188,6.835795608934077
25789,Las Palmas,2019-10,3.8288239819913765,0.1850000023841858,186.27749633789062,10.364875173896493
25790,Santa Cruz de Tenerife,2019-10,2.8674201932863324,0.0,95.29750061035156,7.951669341364353
25791,Cantabria,2019-10,1.7821616005160572,0.19499999284744263,105.67250061035156,5.138123632062177
25801,Albacete,2019-10,0.6598225267863321,0.2224999964237213,71.40750122070312,2.2834690040521526
25802,Ciudad Real,2019-10,0.8093797731135677,0.1850000023841858,224.92250061035156,4.098742862673958
25803,Cuenca,2019-10,0.6172843863066885,0.17499999701976776,88.6449966430664,2.106111636845036
25804,Guadalajara,2019-10,0.748643446027731,0.1899999976158142,88.29499816894531,2.7738512638708697
25805,Toledo,2019-10,1.311983696769302,0.19750000536441803,91.2750015258789,3.968446375192145
25792,Ávila,2019-10,0.70209811473689,0.2524999976158142,51.15999984741211,1.7098138832829641
25793,Burgos,2019-10,0.7874935626329801,0.16500000655651093,116.72999572753906,3.6848633257312606
25794,León,2019-10,0.8405667786943444,0.16249999403953552,73.83250427246094,2.530148615556745
25795,Palencia,2019-10,0.7352549980008556,0.1525000035762787,88.20249938964844,2.821812575395544
25796,Salamanca,2019-10,0.7877789572928152,0.2150000035762787,130.7624969482422,3.5239254557232904
25797,Segovia,2019-10,0.9134942190337632,0.19249999523162842,104.97750091552734,2.8965088426294043
25798,Soria,2019-10,0.5252953982631564,0.1574999988079071,78.02999877929688,2.038947079341263
25799,Valladolid,2019-10,1.512822099280964,0.2175000011920929,117.45500183105469,5.483754652890439
25800,Zamora,2019-10,0.6118058760150611,0.21000000834465027,104.52999877929688,2.5918694471215518
25806,Barcelona,2019-10,7.096797772700308,0.2150000035762787,229.84249877929688,17.177918765474015
25807,Girona,2019-10,2.4240062772947724,0.19249999523162842,123.85749816894531,6.955660342629367
25808,Lleida,2019-10,0.9452100735217135,0.1875,71.86000061035156,2.995882014907897
25809,Tarragona,2019-10,2.8583123834161253,0.20250000059604645,605.7125244140625,11.719416062785859
25810,Ceuta,2019-10,16.36842180031629,0.6875,69.94750213623047,19.49278102881476
25821,Melilla,2019-10,55.50200156325017,0.3700000047683716,225.91000366210938,54.640401264409114
25820,Madrid,2019-10,9.089847736740484,0.2449999898672104,190.01499938964844,19.03019849480498
25823,Navarra,2019-10,1.4663922886666092,0.15000000596046448,99.69000244140625,5.2307381938847195
25811,Alicante/Alacant,2019-10,6.102871353900741,0.3400000035762787,141.0449981689453,14.1706118455185
25812,Castellón/Castelló,2019-10,2.2764126034369427,0.2199999988079071,182.17250061035156,9.415538135443185
25813,Valencia/València,2019-10,3.531708338885316,0.17000000178813934,211.11000061035156,11.177757820282283
25814,Badajoz,2019-10,0.7959401104458439,0.21250000596046448,72.7699966430664,2.6349911102545716
25815,Cáceres,2019-10,0.5988478478540562,0.2150000035762787,105.47000122070312,1.8497733966192051
25816,A Coruña,2019-10,1.9521622869503392,0.26750001311302185,124.51249694824219,5.164160097798752
25817,Lugo,2019-10,0.7594300960337049,0.24000000953674316,92.81500244140625,2.2439645537312294
25818,Ourense,2019-10,0.8966164682474551,0.23000000417232513,73.34750366210938,2.2673034506503735
25819,Pontevedra,2019-10,2.63843891461887,0.32750001549720764,73.09249877929688,5.260948554586106
25788,Illes Balears,2019-10,3.0201602016949844,0.2224999964237213,234.36000061035156,9.228445845722426
25827,La Rioja,2019-10,1.6338247128438776,0.16249999403953552,189.1374969482422,7.049735931726401
25824,Araba/Álava,2019-10,2.604119736938494,0.24249999225139618,190.14999389648438,10.908366933171465
25826,Bizkaia,2019-10,6.051881831479112,0.27250000834465027,154.3000030517578,15.337409112333207
25825,Gipuzkoa,2019-10,3.79265386249137,0.2549999952316284,133.35499572753906,9.138088882256616
25787,Asturias,2019-10,1.450208743920535,0.21250000596046448,108.58499908447266,4.94295204705584
25822,Murcia,2019-10,2.9200030028027215,0.23000000417232513,276.5899963378906,8.700825949902315
25776,Almería,2019-11,1.7069688929360918,0.24250000715255737,137.45750427246094,6.730009253095321
25777,Cádiz,2019-11,2.7008522262411025,0.3125,271.3699951171875,10.860043503072829
25778,Córdoba,2019-11,1.036336648645888,0.23749999701976776,65.70500183105469,3.1117471610210554
25779,Granada,2019-11,1.1610591282841447,0.17749999463558197,70.34500122070312,3.6158622658767476
25780,Huelva,2019-11,1.152948441902015,0.26749998331069946,147.5675048828125,4.785514220191834
25781,Jaén,2019-11,1.027069650252691,0.1850000023841858,82.75499725341797,2.7816616264521095
25782,Málaga,2019-11,3.128483657906902,0.2849999964237213,167.34500122070312,10.996546729710731
25783,Sevilla,2019-11,2.221249266402125,0.24500000476837158,109.3175048828125,7.5744146584866945
25784,Huesca,2019-11,0.7135631102820165,0.2874999940395355,107.97750091552734,2.102155248233035
25785,Teruel,2019-11,0.6277280472803,0.23000000417232513,92.62249755859375,1.676877032750698
25786,Zaragoza,2019-11,1.4057114316571837,0.2849999964237213,166.3125,6.20046506161602
25789,Las Palmas,2019-11,3.531628422581215,0.23749999701976776,162.21749877929688,9.607418855608188
25790,Santa Cruz de Tenerife,2019-11,2.716565215185298,-0.019999999552965164,95.80500030517578,7.451890639729996
25791,Cantabria,2019-11,1.4450027426325622,0.0,75.12000274658203,3.133502302600936
25801,Albacete,2019-11,0.7066560638573453,0.24500000476837158,61.182498931884766,1.9070315018147292
25802,Ciudad Real,2019-11,0.7942476272585529,0.25,217.0225067138672,2.829937621649716
25803,Cuenca,2019-11,0.6332018528524268,0.2849999964237213,34.54499816894531,1.016690228135154
25804,Guadalajara,2019-11,0.7652109623210899,0.2775000035762787,46.92499923706055,1.7669856627561022
25805,Toledo,2019-11,1.2058977870658774,0.27000001072883606,57.372501373291016,2.6584961766841344
25792,Ávila,2019-11,0.6844915647226596,0.25999999046325684,36.42250061035156,1.12930281806403
25793,Burgos,2019-11,0.717324421166189,0.28999999165534973,45.91999816894531,1.4849751557179292
25794,León,2019-11,0.8015858073827979,0.26499998569488525,46.02750015258789,1.6895424624913622
25795,Palencia,2019-11,0.7622494490871282,0.3125,84.73500061035156,2.230563084035961
25796,Salamanca,2019-11,0.6952296462151922,0.2874999940395355,58.872501373291016,1.8627284580371641
25797,Segovia,2019-11,0.8003854343714216,0.3449999988079071,35.1974983215332,1.2276294821911036
25798,Soria,2019-11,0.6395789611053154,0.30000001192092896,123.98999786376953,1.7503688424546566
25799,Valladolid,2019-11,1.3181279763135567,0.3100000023841858,65.16999816894531,3.718881006151788
25800,Zamora,2019-11,0.6194931958221191,0.20999999344348907,73.0374984741211,1.83988645745592
25806,Barcelona,2019-11,7.2442218216329035,0.3174999952316284,241.0574951171875,17.442428333219183
25807,Girona,2019-11,2.4590285432060943,0.2874999940395355,126.5374984741211,6.8074573353560295
25808,Lleida,2019-11,1.027902315349061,0.3125,61.875,2.5568391867268145
25809,Tarragona,2019-11,3.4278972479657224,0.3174999952316284,2828.44482421875,33.27351253280896
25810,Ceuta,2019-11,17.09495447769869,0.9074999690055847,66.40250396728516,19.306271547306103
25821,Melilla,2019-11,57.12554402764335,0.44749999046325684,239.8300018310547,55.96640296078741
25820,Madrid,2019-11,7.832895757879653,0.4000000059604645,162.09500122070312,15.544591366794405
25823,Navarra,2019-11,1.2661937436960895,0.2775000035762787,90.82749938964844,3.3878314777530005
25811,Alicante/Alacant,2019-11,6.30020673439704,0.4399999976158142,140.87249755859375,14.435723400961967
25812,Castellón/Castelló,2019-11,2.4351501166484963,0.2800000011920929,192.15249633789062,9.727072830619303
25813,Valencia/València,2019-11,3.6930456834733265,0.3050000071525574,219.45249938964844,11.376348531502227
25814,Badajoz,2019-11,0.7074426383729119,0.26250001788139343,42.47249984741211,1.5989888686774678
25815,Cáceres,2019-11,0.5880953260846941,0.2549999952316284,61.647499084472656,1.188140006289562
25816,A Coruña,2019-11,1.5729802377914859,0.20749999582767487,73.59500122070312,3.580346719763857
25817,Lugo,2019-11,0.7298616809682891,0.2574999928474426,41.76250076293945,1.299441584423039
25818,Ourense,2019-11,0.7520036424329728,0.3174999952316284,24.287500381469727,0.9730684372561602
25819,Pontevedra,2019-11,1.7659374884048225,0.38749998807907104,35.744998931884766,2.589768551214105
25788,Illes Balears,2019-11,2.9434156732346373,0.26249998807907104,191.114990234375,8.638978095153567
25827,La Rioja,2019-11,1.6319828590512704,0.2775000035762787,172.8249969482422,5.9428699942783725
25824,Araba/Álava,2019-11,2.3245445419028785,0.0,119.27999877929688,7.991305920743048
25826,Bizkaia,2019-11,4.816493544359021,0.36000001430511475,99.31999969482422,10.592972287211957
25825,Gipuzkoa,2019-11,3.8506329259667016,0.33000001311302185,188.08250427246094,9.727174465254194
25787,Asturias,2019-11,1.4539535872184317,0.2874999940395355,83.41000366210938,4.279909140217698
25822,Murcia,2019-11,3.0959532847911206,0.2750000059604645,385.61248779296875,9.548237709660754
25776,Almería,2019-12,1.7042861506862916,0.2175000011920929,141.1824951171875,6.910285918152096
25777,Cádiz,2019-12,2.8614605210186372,0.2549999952316284,246.5749969482422,11.803462696668644
25778,Córdoba,2019-12,1.1247677009826211,0.22749999165534973,109.1500015258789,4.40754349463636
25779,Granada,2019-12,1.299248766243435,0.17749999463558197,124.41500091552734,5.224048347448295
25780,Huelva,2019-12,1.255577898325059,0.23749999701976776,188.36500549316406,6.449459307431413
25781,Jaén,2019-12,1.123997730566989,0.22499999403953552,151.71250915527344,4.44244798743235
25782,Málaga,2019-12,3.153585809507385,0.27000001072883606,169.34750366210938,11.116718058203936
25783,Sevilla,2019-12,2.349419544178406,0.23499999940395355,134.50999450683594,8.809945955583329
25784,Huesca,2019-12,0.6911447815661483,0.22749999165534973,154.20750427246094,2.6806671277824266
25785,Teruel,2019-12,0.5980574684138247,0.23499999940395355,110.04750061035156,1.9362312373881205
25786,Zaragoza,2019-12,1.2737068874904327,0.22999998927116394,144.9875030517578,5.6229923180133765
25789,Las Palmas,2019-12,3.904698362918798,0.12250000238418579,144.05250549316406,11.291308747613895
25790,Santa Cruz de Tenerife,2019-12,2.8892341966275197,-0.16750000417232513,98.79750061035156,7.755217175486386
25791,Cantabria,2019-12,1.9356312959710023,0.24500000476837158,143.52000427246094,5.962867583840653
25801,Albacete,2019-12,0.7005716693766231,0.21000000834465027,82.36250305175781,2.3690005057834673
25802,Ciudad Real,2019-12,0.7959471029094782,0.20749999582767487,189.25750732421875,3.6818027648844587
25803,Cuenca,2019-12,0.6751326838820368,0.23749999701976776,97.46749877929688,2.1849550482839066
25804,Guadalajara,2019-12,0.8053284257405825,0.22499999403953552,75.125,2.5583581281092207
25805,Toledo,2019-12,1.2985872069929476,0.23999999463558197,86.73750305175781,3.6341026042030316
25792,Ávila,2019-12,0.7217219929828518,0.2750000059604645,47.77000045776367,1.634873551708749
25793,Burgos,2019-12,0.7589139025479542,0.23249998688697815,101.84500122070312,2.9629929248530327
25794,León,2019-12,0.8755779058271754,0.24250000715255737,65.29750061035156,2.545898383802788
25795,Palencia,2019-12,0.7202281035113859,0.2475000023841858,80.21749877929688,2.404403660197491
25796,Salamanca,2019-12,0.7908515114010687,0.2775000035762787,122.94499969482422,3.2216841458620937
25797,Segovia,2019-12,0.9116974371199206,0.3050000071525574,89.29499816894531,2.6078527540923675
25798,Soria,2019-12,0.653599967410546,0.24500000476837158,382.8949890136719,3.95609695055291
25799,Valladolid,2019-12,1.4622989632501406,0.26499998569488525,89.10749816894531,4.899770450164121
25800,Zamora,2019-12,0.6330566681241362,0.23000000417232513,97.10749816894531,2.4384800267907543
25806,Barcelona,2019-12,7.2880004259529505,0.28999999165534973,615.7575073242188,18.653418436368444
25807,Girona,2019-12,2.4948789858480898,0.2875000238418579,125.59750366210938,7.126922749212117
25808,Lleida,2019-12,0.9597511783229679,0.2150000035762787,62.0625,2.5511223637475005
25809,Tarragona,2019-12,3.136185868822459,0.29249998927116394,693.0225219726562,13.590588903530561
25810,Ceuta,2019-12,17.17455584666398,0.8899999856948853,64.11000061035156,18.555422933166156
25821,Melilla,2019-12,49.12634907574369,0.3225000202655792,180.75250244140625,45.623888384771455
25820,Madrid,2019-12,9.081886278702452,0.32749998569488525,179.75,18.73357897532796
25823,Navarra,2019-12,1.4394276470221672,0.24250000715255737,104.1925048828125,4.866598319375309
25811,Alicante/Alacant,2019-12,6.380160387783539,0.35249999165534973,155.99000549316406,14.816503793052933
25812,Castellón/Castelló,2019-12,2.330382444564145,0.2574999928474426,191.4550018310547,9.372730806445668
25813,Valencia/València,2019-12,3.637424935691766,0.27000001072883606,181.2050018310547,11.115912799141958
25814,Badajoz,2019-12,0.7934369553804663,0.2224999964237213,73.46499633789062,2.7300987407626356
25815,Cáceres,2019-12,0.6188155510068697,0.23249998688697815,108.39999389648438,1.8771537294293288
25816,A Coruña,2019-12,2.1448835482888646,0.30000001192092896,110.70500183105469,5.7735975906209624
25817,Lugo,2019-12,0.8126010540762364,0.23499999940395355,104.40750122070312,2.5770038801128936
25818,Ourense,2019-12,0.8967009350860352,0.23499999940395355,67.95999908447266,2.189365900911233
25819,Pontevedra,2019-12,2.9537747977599165,0.3400000035762787,256.1600036621094,7.1982885262914005
25788,Illes Balears,2019-12,2.922079590853852,0.23499999940395355,247.9375,9.060369325958064
25827,La Rioja,2019-12,1.6509533236991942,0.23000000417232513,223.875,7.346685971451389
25824,Araba/Álava,2019-12,2.6086937216158232,0.3050000071525574,190.3249969482422,10.917155923612242
25826,Bizkaia,2019-12,6.251245696407184,0.32249999046325684,221.9324951171875,16.409864856150307
25825,Gipuzkoa,2019-12,4.547923157465704,0.35750001668930054,296.2724914550781,12.97764805019942
25787,Asturias,2019-12,1.558515116145172,0.2150000035762787,101.02999877929688,5.369893609869878
25822,Murcia,2019-12,3.1150480315573406,0.21250000596046448,327.67999267578125,9.274456135156887
